Ticker,Date,Open,High,Low,Close,Volume
QAN,20130102,1.495,1.52,1.485,1.51,4560047
QAN,20130103,1.52,1.57,1.515,1.55,9394078
QAN,20130104,1.57,1.57,1.535,1.55,5347145
QAN,20130107,1.57,1.575,1.555,1.575,6741605
QAN,20130108,1.585,1.59,1.555,1.565,7082948
QAN,20130109,1.58,1.61,1.555,1.56,10999360
QAN,20130110,1.57,1.57,1.54,1.54,6091397
QAN,20130111,1.555,1.557,1.52,1.53,4391115
QAN,20130114,1.545,1.55,1.525,1.525,4766763
QAN,20130115,1.525,1.555,1.525,1.53,5006729
QAN,20130116,1.53,1.55,1.515,1.54,6081933
QAN,20130117,1.56,1.57,1.52,1.52,8050223
QAN,20130118,1.52,1.527,1.495,1.52,6156815
QAN,20130121,1.505,1.535,1.5,1.53,4298248
QAN,20130122,1.53,1.545,1.52,1.53,28166093
QAN,20130123,1.52,1.535,1.515,1.52,3057730
QAN,20130124,1.51,1.525,1.505,1.525,4946092
QAN,20130125,1.525,1.53,1.51,1.525,4939762
QAN,20130129,1.53,1.53,1.505,1.515,6519405
QAN,20130130,1.515,1.515,1.465,1.5,9119675
QAN,20130131,1.515,1.53,1.505,1.53,8348216
QAN,20130201,1.52,1.555,1.52,1.54,5429810
QAN,20130204,1.535,1.547,1.525,1.54,5292793
QAN,20130205,1.52,1.54,1.52,1.535,5232596
QAN,20130206,1.535,1.55,1.535,1.545,5709585
QAN,20130207,1.55,1.58,1.537,1.565,5399302
QAN,20130208,1.565,1.585,1.555,1.585,3318926
QAN,20130211,1.58,1.59,1.57,1.57,3807971
QAN,20130212,1.585,1.59,1.57,1.58,6112194
QAN,20130213,1.58,1.59,1.575,1.58,1712106
QAN,20130214,1.58,1.63,1.58,1.625,6399639
QAN,20130215,1.63,1.635,1.59,1.625,4268674
QAN,20130218,1.625,1.645,1.615,1.625,5315191
QAN,20130219,1.625,1.64,1.6,1.63,6630259
QAN,20130220,1.63,1.645,1.615,1.615,3840830
QAN,20130221,1.65,1.712,1.64,1.66,17461610
QAN,20130222,1.655,1.66,1.605,1.635,14065214
QAN,20130225,1.63,1.645,1.617,1.645,7946792
QAN,20130226,1.635,1.635,1.592,1.61,5210330
QAN,20130227,1.61,1.62,1.56,1.57,7561077
QAN,20130228,1.59,1.645,1.575,1.645,13622511
QAN,20130301,1.62,1.635,1.615,1.62,2628022
QAN,20130304,1.615,1.625,1.595,1.595,5787099
QAN,20130305,1.62,1.63,1.58,1.59,8777507
QAN,20130306,1.6,1.612,1.58,1.61,15453223
QAN,20130307,1.615,1.645,1.615,1.64,7788105
QAN,20130308,1.645,1.68,1.635,1.675,10887936
QAN,20130311,1.66,1.73,1.66,1.72,10734964
QAN,20130312,1.72,1.735,1.69,1.71,8414503
QAN,20130313,1.72,1.76,1.69,1.745,20050480
QAN,20130314,1.74,1.75,1.71,1.715,16403459
QAN,20130315,1.715,1.735,1.71,1.735,12512096
QAN,20130318,1.72,1.73,1.692,1.71,7131467
QAN,20130319,1.735,1.735,1.69,1.7,8917864
QAN,20130320,1.7,1.725,1.675,1.725,18544685
QAN,20130321,1.735,1.75,1.68,1.69,24691996
QAN,20130322,1.695,1.71,1.682,1.7,14872478
QAN,20130325,1.71,1.73,1.7,1.72,5980690
QAN,20130326,1.71,1.735,1.71,1.72,7554515
QAN,20130327,1.73,1.765,1.73,1.76,10291981
QAN,20130328,1.75,1.787,1.745,1.785,10519299
QAN,20130402,1.795,1.855,1.795,1.83,10305277
QAN,20130403,1.85,1.895,1.835,1.86,17566422
QAN,20130404,1.835,1.84,1.785,1.8,13896047
QAN,20130405,1.805,1.82,1.745,1.76,15996499
QAN,20130408,1.725,1.745,1.695,1.735,16440525
QAN,20130409,1.755,1.77,1.745,1.76,13926954
QAN,20130410,1.725,1.795,1.725,1.79,7249077
QAN,20130411,1.76,1.805,1.755,1.79,7300499
QAN,20130412,1.765,1.8,1.765,1.785,3537477
QAN,20130415,1.76,1.775,1.705,1.74,8195262
QAN,20130416,1.71,1.74,1.685,1.74,5868297
QAN,20130417,1.74,1.79,1.73,1.785,8739228
QAN,20130418,1.755,1.772,1.715,1.72,8239869
QAN,20130419,1.745,1.76,1.735,1.75,5173055
QAN,20130422,1.75,1.78,1.75,1.775,4166101
QAN,20130423,1.785,1.81,1.785,1.81,10501951
QAN,20130424,1.835,1.89,1.835,1.88,14519830
QAN,20130426,1.83,1.87,1.805,1.805,6982816
QAN,20130429,1.825,1.85,1.81,1.85,8090375
QAN,20130430,1.875,1.9,1.852,1.9,11204696
QAN,20130501,1.865,1.885,1.85,1.865,5800966
QAN,20130502,1.875,1.88,1.835,1.85,13321461
QAN,20130503,1.88,1.89,1.745,1.775,15881415
QAN,20130506,1.805,1.835,1.785,1.835,11071644
QAN,20130507,1.825,1.83,1.79,1.805,12888024
QAN,20130508,1.8,1.83,1.795,1.805,7215896
QAN,20130509,1.795,1.815,1.79,1.815,5686986
QAN,20130510,1.81,1.825,1.805,1.82,6328570
QAN,20130513,1.815,1.82,1.75,1.755,11406594
QAN,20130514,1.765,1.772,1.72,1.72,11994870
QAN,20130515,1.75,1.75,1.7,1.715,5708554
QAN,20130516,1.705,1.705,1.66,1.665,17474433
QAN,20130517,1.665,1.67,1.61,1.645,34383567
QAN,20130520,1.65,1.67,1.645,1.645,15124637
QAN,20130521,1.635,1.65,1.612,1.635,15129217
QAN,20130522,1.63,1.635,1.58,1.6,18858463
QAN,20130523,1.605,1.62,1.57,1.585,9595277
QAN,20130524,1.59,1.595,1.545,1.56,11292104
QAN,20130527,1.54,1.565,1.51,1.56,7936001
QAN,20130528,1.55,1.555,1.515,1.52,10299631
QAN,20130529,1.55,1.635,1.545,1.6,17132100
QAN,20130530,1.56,1.6,1.555,1.585,7756849
QAN,20130531,1.59,1.62,1.58,1.595,13242627
QAN,20130603,1.58,1.6,1.55,1.56,5495021
QAN,20130604,1.55,1.58,1.55,1.565,5580992
QAN,20130605,1.54,1.55,1.475,1.475,11942905
QAN,20130606,1.45,1.505,1.45,1.485,10149161
QAN,20130607,1.46,1.47,1.435,1.445,12581476
QAN,20130611,1.465,1.465,1.41,1.41,9528938
QAN,20130612,1.41,1.425,1.36,1.365,27615227
QAN,20130613,1.385,1.385,1.34,1.36,25436147
QAN,20130614,1.365,1.385,1.34,1.365,21041767
QAN,20130617,1.36,1.41,1.355,1.4,21083581
QAN,20130618,1.37,1.385,1.352,1.37,11907891
QAN,20130619,1.395,1.425,1.385,1.4,12938662
QAN,20130620,1.36,1.37,1.32,1.325,14149301
QAN,20130621,1.285,1.315,1.28,1.315,11630541
QAN,20130624,1.295,1.33,1.28,1.285,7405132
QAN,20130625,1.285,1.31,1.265,1.27,7122062
QAN,20130626,1.275,1.315,1.275,1.29,6198487
QAN,20130627,1.305,1.372,1.305,1.345,9337433
QAN,20130628,1.34,1.385,1.33,1.35,10428371
QAN,20130701,1.325,1.345,1.32,1.335,8750991
QAN,20130702,1.345,1.37,1.335,1.35,9367507
QAN,20130703,1.345,1.355,1.302,1.315,5196888
QAN,20130704,1.32,1.34,1.302,1.305,4040751
QAN,20130705,1.33,1.335,1.312,1.315,4180150
QAN,20130708,1.305,1.315,1.25,1.27,12424296
QAN,20130709,1.295,1.33,1.285,1.32,7028818
QAN,20130710,1.325,1.37,1.325,1.355,8455329
QAN,20130711,1.37,1.42,1.36,1.395,7736080
QAN,20130712,1.4,1.45,1.397,1.4,8961063
QAN,20130715,1.385,1.4,1.37,1.37,4719555
QAN,20130716,1.365,1.4,1.365,1.39,6806060
QAN,20130717,1.375,1.385,1.34,1.34,9123794
QAN,20130718,1.37,1.372,1.33,1.34,6452509
QAN,20130719,1.335,1.34,1.32,1.325,8163939
QAN,20130722,1.33,1.335,1.28,1.325,8336286
QAN,20130723,1.33,1.33,1.302,1.315,4206277
QAN,20130724,1.315,1.32,1.28,1.3,12926883
QAN,20130725,1.3,1.305,1.27,1.285,8043176
QAN,20130726,1.29,1.31,1.29,1.295,5041904
QAN,20130729,1.3,1.3,1.275,1.28,4768304
QAN,20130730,1.28,1.282,1.27,1.27,7747314
QAN,20130731,1.265,1.275,1.26,1.26,7106830
QAN,20130801,1.25,1.275,1.23,1.23,13864252
QAN,20130802,1.24,1.255,1.237,1.245,8105526
QAN,20130805,1.245,1.25,1.24,1.245,4558414
QAN,20130806,1.24,1.25,1.23,1.24,10427161
QAN,20130807,1.23,1.235,1.21,1.21,16542722
QAN,20130808,1.21,1.245,1.21,1.23,10649030
QAN,20130809,1.22,1.23,1.19,1.195,8354722
QAN,20130812,1.19,1.23,1.18,1.225,9769848
QAN,20130813,1.21,1.27,1.21,1.265,10589908
QAN,20130814,1.265,1.275,1.215,1.225,11498806
QAN,20130815,1.215,1.255,1.215,1.25,11708749
QAN,20130816,1.235,1.26,1.23,1.245,6657852
QAN,20130819,1.255,1.26,1.23,1.235,5014237
QAN,20130820,1.23,1.257,1.225,1.23,5177003
QAN,20130821,1.245,1.265,1.24,1.255,7192283
QAN,20130822,1.23,1.245,1.23,1.24,10561902
QAN,20130823,1.245,1.315,1.242,1.305,16486135
QAN,20130826,1.31,1.315,1.27,1.285,6106049
QAN,20130827,1.28,1.285,1.27,1.275,5270848
QAN,20130828,1.26,1.26,1.23,1.23,8455707
QAN,20130829,1.285,1.405,1.285,1.4,40564481
QAN,20130830,1.375,1.41,1.35,1.37,24155890
QAN,20130902,1.365,1.39,1.355,1.385,6940001
QAN,20130903,1.395,1.405,1.375,1.375,8425769
QAN,20130904,1.36,1.382,1.342,1.36,12903749
QAN,20130905,1.35,1.355,1.31,1.33,14295979
QAN,20130906,1.335,1.345,1.317,1.32,8859228
QAN,20130909,1.34,1.392,1.33,1.37,14603749
QAN,20130910,1.39,1.415,1.375,1.375,12128499
QAN,20130911,1.39,1.41,1.38,1.405,10233966
QAN,20130912,1.42,1.455,1.415,1.445,17209111
QAN,20130913,1.445,1.46,1.43,1.45,10585942
QAN,20130916,1.47,1.475,1.45,1.47,9864339
QAN,20130917,1.49,1.495,1.472,1.475,7895404
QAN,20130918,1.475,1.49,1.47,1.485,9444705
QAN,20130919,1.53,1.54,1.495,1.5,14834715
QAN,20130920,1.49,1.505,1.475,1.5,8696370
QAN,20130923,1.495,1.505,1.475,1.505,3992832
QAN,20130924,1.5,1.52,1.49,1.51,6038580
QAN,20130925,1.51,1.55,1.51,1.535,14548741
QAN,20130926,1.525,1.53,1.495,1.515,7171193
QAN,20130927,1.515,1.532,1.495,1.51,5658392
QAN,20130930,1.495,1.5,1.475,1.475,6483354
QAN,20131001,1.475,1.517,1.475,1.51,7777953
QAN,20131002,1.51,1.51,1.49,1.49,11436228
QAN,20131003,1.485,1.5,1.475,1.49,4462431
QAN,20131004,1.485,1.487,1.45,1.46,6004500
QAN,20131007,1.44,1.46,1.4,1.41,5458797
QAN,20131008,1.4,1.442,1.4,1.425,8681913
QAN,20131009,1.435,1.435,1.402,1.41,10889160
QAN,20131010,1.405,1.43,1.38,1.405,15659077
QAN,20131011,1.435,1.48,1.427,1.47,10778338
QAN,20131014,1.445,1.46,1.435,1.445,3993108
QAN,20131015,1.47,1.48,1.445,1.455,4201882
QAN,20131016,1.435,1.45,1.43,1.435,4373295
QAN,20131017,1.45,1.48,1.45,1.48,6122357
QAN,20131018,1.495,1.53,1.405,1.43,17429180
QAN,20131021,1.41,1.41,1.35,1.35,18943112
QAN,20131022,1.33,1.337,1.297,1.305,17840939
QAN,20131023,1.315,1.32,1.245,1.245,27290639
QAN,20131024,1.255,1.305,1.247,1.29,27252468
QAN,20131025,1.31,1.315,1.265,1.295,21199204
QAN,20131028,1.315,1.315,1.285,1.305,21701972
QAN,20131029,1.305,1.305,1.28,1.29,8960858
QAN,20131030,1.3,1.3,1.26,1.265,14372049
QAN,20131031,1.265,1.27,1.227,1.245,15968980
QAN,20131101,1.235,1.25,1.23,1.24,9646041
QAN,20131104,1.25,1.255,1.23,1.23,12361089
QAN,20131105,1.24,1.26,1.23,1.255,7591929
QAN,20131106,1.25,1.255,1.23,1.24,10888781
QAN,20131107,1.24,1.25,1.22,1.225,8665742
QAN,20131108,1.225,1.275,1.22,1.25,11851585
QAN,20131111,1.27,1.275,1.237,1.25,8897006
QAN,20131112,1.25,1.252,1.22,1.225,11399542
QAN,20131113,1.225,1.235,1.2,1.21,10053353
QAN,20131114,1.21,1.225,1.205,1.21,4862516
QAN,20131115,1.21,1.21,1.19,1.195,11563205
QAN,20131118,1.195,1.195,1.16,1.175,10943155
QAN,20131119,1.15,1.17,1.125,1.125,21784139
QAN,20131120,1.12,1.165,1.12,1.15,15146676
QAN,20131121,1.15,1.155,1.122,1.125,9602884
QAN,20131122,1.14,1.177,1.14,1.165,11707625
QAN,20131125,1.18,1.195,1.172,1.185,8472719
QAN,20131126,1.185,1.21,1.18,1.2,11761589
QAN,20131127,1.19,1.2,1.175,1.18,6902229
QAN,20131128,1.225,1.24,1.18,1.225,33145470
QAN,20131129,1.23,1.24,1.205,1.22,23800759
QAN,20131202,1.22,1.23,1.205,1.23,9791083
QAN,20131203,1.225,1.24,1.215,1.225,9327366
QAN,20131204,1.215,1.22,1.185,1.205,18071290
QAN,20131205,1.1,1.11,0.995,1.07,80957356
QAN,20131206,1.03,1.067,1.02,1.03,17871652
QAN,20131209,1.03,1.045,0.99,0.995,21778908
QAN,20131210,0.995,1.005,0.952,0.965,24492982
QAN,20131211,0.97,0.995,0.97,0.99,9386450
QAN,20131212,0.99,0.995,0.96,0.97,8986504
QAN,20131213,0.975,1.005,0.97,1,18763799
QAN,20131216,1.015,1.04,1.01,1.035,12561785
QAN,20131217,1.05,1.057,1.027,1.03,14861095
QAN,20131218,1.04,1.05,1.03,1.03,10026232
QAN,20131219,1.04,1.06,1.035,1.05,10296251
QAN,20131220,1.065,1.087,1.06,1.085,15634608
QAN,20131223,1.085,1.1,1.085,1.095,5586368
QAN,20131224,1.1,1.102,1.085,1.1,4739091
QAN,20131227,1.1,1.112,1.095,1.1,5277200
QAN,20131230,1.115,1.115,1.09,1.095,4572433
QAN,20131231,1.09,1.107,1.09,1.095,2663575
QAN,20140102,1.095,1.107,1.09,1.1,3510953
QAN,20140103,1.1,1.102,1.092,1.1,2465519
QAN,20140106,1.1,1.1,1.075,1.09,4990674
QAN,20140107,1.09,1.105,1.085,1.09,7077354
QAN,20140108,1.1,1.11,1.095,1.1,10496818
QAN,20140109,1.1,1.14,1.092,1.12,19849695
QAN,20140110,1.13,1.13,1.09,1.105,9650914
QAN,20140113,1.12,1.12,1.102,1.12,9193916
QAN,20140114,1.115,1.12,1.09,1.095,8051221
QAN,20140115,1.1,1.135,1.09,1.095,9227480
QAN,20140116,1.1,1.122,1.1,1.11,7346883
QAN,20140117,1.11,1.117,1.095,1.1,4249108
QAN,20140120,1.095,1.125,1.095,1.115,7042813
QAN,20140121,1.12,1.125,1.11,1.12,3753997
QAN,20140122,1.12,1.12,1.1,1.105,5206588
QAN,20140123,1.115,1.117,1.095,1.105,13372162
QAN,20140124,1.095,1.11,1.095,1.1,20939738
QAN,20140128,1.1,1.105,1.07,1.09,14295779
QAN,20140129,1.095,1.1,1.09,1.095,4897287
QAN,20140130,1.09,1.095,1.077,1.09,10714818
QAN,20140131,1.09,1.1,1.082,1.1,8956234
QAN,20140203,1.09,1.095,1.08,1.085,7618071
QAN,20140204,1.07,1.08,1.057,1.065,13852557
QAN,20140205,1.06,1.07,1.025,1.03,11510683
QAN,20140206,1.03,1.055,1.03,1.04,9161434
QAN,20140207,1.055,1.08,1.05,1.065,10913886
QAN,20140210,1.09,1.1,1.075,1.09,9179942
QAN,20140211,1.085,1.107,1.085,1.1,10293496
QAN,20140212,1.11,1.127,1.105,1.115,15909153
QAN,20140213,1.12,1.205,1.11,1.185,31188309
QAN,20140214,1.19,1.225,1.175,1.215,22200380
QAN,20140217,1.225,1.257,1.22,1.24,14492506
QAN,20140218,1.24,1.24,1.215,1.225,11298515
QAN,20140219,1.215,1.22,1.2,1.21,13320080
QAN,20140220,1.21,1.22,1.185,1.19,17139607
QAN,20140221,1.21,1.26,1.21,1.25,23490737
QAN,20140224,1.235,1.25,1.23,1.24,10700326
QAN,20140225,1.24,1.255,1.23,1.235,9133529
QAN,20140226,1.245,1.282,1.24,1.27,22685899
QAN,20140227,1.27,1.275,1.147,1.155,50109555
QAN,20140228,1.15,1.182,1.145,1.165,23466555
QAN,20140303,1.17,1.17,1.142,1.15,14964089
QAN,20140304,1.15,1.155,1.13,1.135,13421598
QAN,20140305,1.125,1.14,1.105,1.14,14741024
QAN,20140306,1.14,1.165,1.14,1.15,9616302
QAN,20140307,1.16,1.16,1.135,1.14,11072296
QAN,20140310,1.13,1.135,1.11,1.12,7903673
QAN,20140311,1.125,1.13,1.09,1.1,11293476
QAN,20140312,1.1,1.105,1.082,1.09,8821370
QAN,20140313,1.1,1.11,1.085,1.095,10139256
QAN,20140314,1.09,1.115,1.075,1.085,8585454
QAN,20140317,1.085,1.095,1.07,1.08,7074792
QAN,20140318,1.085,1.09,1.075,1.085,6299994
QAN,20140319,1.08,1.105,1.077,1.09,13299743
QAN,20140320,1.095,1.102,1.065,1.075,10538822
QAN,20140321,1.075,1.085,1.065,1.07,14939789
QAN,20140324,1.065,1.07,1.045,1.065,9589186
QAN,20140325,1.045,1.05,1.03,1.035,9019259
QAN,20140326,1.035,1.07,1.03,1.055,13025434
QAN,20140327,1.05,1.09,1.047,1.075,10083282
QAN,20140328,1.07,1.1,1.07,1.085,12324934
QAN,20140331,1.095,1.115,1.09,1.105,8269208
QAN,20140401,1.105,1.11,1.087,1.105,6340706
QAN,20140402,1.115,1.135,1.11,1.125,9087067
QAN,20140403,1.13,1.145,1.127,1.14,7448851
QAN,20140404,1.14,1.16,1.13,1.145,7907816
QAN,20140407,1.14,1.155,1.135,1.155,3564459
QAN,20140408,1.15,1.155,1.145,1.155,3093766
QAN,20140409,1.16,1.207,1.155,1.185,14235292
QAN,20140410,1.19,1.205,1.19,1.19,8875172
QAN,20140411,1.18,1.19,1.177,1.185,4999304
QAN,20140414,1.185,1.195,1.175,1.18,6726187
QAN,20140415,1.175,1.195,1.175,1.18,4616215
QAN,20140416,1.185,1.205,1.185,1.195,4893091
QAN,20140417,1.205,1.22,1.195,1.205,7929327
QAN,20140422,1.21,1.21,1.2,1.21,3276382
QAN,20140423,1.22,1.23,1.202,1.205,6943412
QAN,20140424,1.215,1.24,1.202,1.225,7130138
QAN,20140428,1.22,1.235,1.215,1.225,3386072
QAN,20140429,1.235,1.235,1.21,1.22,4573185
QAN,20140430,1.22,1.23,1.217,1.22,3395795
QAN,20140501,1.225,1.23,1.215,1.215,3086734
QAN,20140502,1.22,1.252,1.22,1.225,9650622
QAN,20140505,1.23,1.23,1.22,1.22,2811101
QAN,20140506,1.22,1.24,1.22,1.23,3642020
QAN,20140507,1.22,1.235,1.22,1.22,5962514
QAN,20140508,1.23,1.255,1.225,1.245,14101586
QAN,20140509,1.245,1.25,1.23,1.235,4600365
QAN,20140512,1.24,1.245,1.22,1.22,3978980
QAN,20140513,1.23,1.235,1.22,1.23,5084196
QAN,20140514,1.24,1.272,1.227,1.265,24798461
QAN,20140515,1.255,1.262,1.23,1.245,11693704
QAN,20140516,1.24,1.275,1.24,1.255,4899628
QAN,20140519,1.255,1.26,1.2,1.235,13376847
QAN,20140520,1.24,1.245,1.232,1.24,3788544
QAN,20140521,1.23,1.235,1.215,1.225,6324707
QAN,20140522,1.235,1.275,1.235,1.27,9467496
QAN,20140523,1.28,1.352,1.275,1.33,23203242
QAN,20140526,1.325,1.36,1.3,1.36,9438794
QAN,20140527,1.36,1.385,1.352,1.375,11037516
QAN,20140528,1.38,1.4,1.375,1.39,13638973
QAN,20140529,1.385,1.41,1.38,1.395,9155641
QAN,20140530,1.4,1.42,1.397,1.405,13702725
QAN,20140602,1.4,1.41,1.39,1.405,8315608
QAN,20140603,1.41,1.43,1.385,1.385,23251662
QAN,20140604,1.39,1.39,1.34,1.355,12564603
QAN,20140605,1.35,1.365,1.345,1.355,7026886
QAN,20140606,1.355,1.385,1.35,1.375,11168058
QAN,20140610,1.38,1.415,1.38,1.41,16062922
QAN,20140611,1.395,1.41,1.385,1.39,10349845
QAN,20140612,1.375,1.38,1.35,1.35,14477803
QAN,20140613,1.31,1.345,1.29,1.345,15660547
QAN,20140616,1.325,1.33,1.315,1.325,10720598
QAN,20140617,1.3,1.32,1.295,1.31,10046242
QAN,20140618,1.295,1.305,1.28,1.285,9759985
QAN,20140619,1.32,1.335,1.31,1.33,12872488
QAN,20140620,1.33,1.355,1.33,1.34,9584021
QAN,20140623,1.35,1.35,1.325,1.335,6278065
QAN,20140624,1.315,1.325,1.305,1.31,3974334
QAN,20140625,1.3,1.33,1.29,1.325,10880043
QAN,20140626,1.31,1.335,1.31,1.33,4408904
QAN,20140627,1.33,1.34,1.325,1.335,6151547
QAN,20140630,1.33,1.335,1.26,1.26,10025064
QAN,20140701,1.255,1.277,1.232,1.26,7681470
QAN,20140702,1.25,1.26,1.24,1.25,7754880
QAN,20140703,1.25,1.26,1.24,1.25,8011769
QAN,20140704,1.27,1.29,1.26,1.27,5705455
QAN,20140707,1.26,1.275,1.255,1.26,5403698
QAN,20140708,1.25,1.275,1.235,1.26,6136972
QAN,20140709,1.245,1.245,1.215,1.215,6677702
QAN,20140710,1.21,1.22,1.197,1.205,7617806
QAN,20140711,1.2,1.3,1.2,1.285,18222172
QAN,20140714,1.285,1.31,1.25,1.27,7917344
QAN,20140715,1.285,1.29,1.25,1.265,9028606
QAN,20140716,1.25,1.26,1.235,1.245,6051869
QAN,20140717,1.25,1.27,1.24,1.24,7279247
QAN,20140718,1.22,1.255,1.215,1.25,7339214
QAN,20140721,1.25,1.265,1.235,1.24,4176918
QAN,20140722,1.235,1.25,1.23,1.25,6573490
QAN,20140723,1.265,1.29,1.255,1.27,9771938
QAN,20140724,1.28,1.29,1.265,1.285,7487775
QAN,20140725,1.285,1.31,1.28,1.31,10487076
QAN,20140728,1.3,1.33,1.3,1.315,7265839
QAN,20140729,1.315,1.325,1.305,1.315,5193479
QAN,20140730,1.325,1.345,1.32,1.335,4836061
QAN,20140731,1.335,1.342,1.315,1.335,3200684
QAN,20140801,1.315,1.32,1.295,1.295,4509741
QAN,20140804,1.295,1.32,1.29,1.31,1887611
QAN,20140805,1.305,1.315,1.267,1.275,5239736
QAN,20140806,1.285,1.302,1.27,1.295,11759459
QAN,20140807,1.29,1.32,1.29,1.305,21162250
QAN,20140808,1.3,1.327,1.285,1.31,12935506
QAN,20140811,1.31,1.335,1.31,1.31,6013880
QAN,20140812,1.32,1.325,1.295,1.32,6784659
QAN,20140813,1.32,1.325,1.29,1.29,6041694
QAN,20140814,1.29,1.3,1.29,1.29,4385553
QAN,20140815,1.295,1.3,1.277,1.28,4264423
QAN,20140818,1.285,1.297,1.28,1.285,2164286
QAN,20140819,1.3,1.33,1.3,1.33,8274701
QAN,20140820,1.32,1.325,1.3,1.32,4145817
QAN,20140821,1.34,1.342,1.315,1.32,5132687
QAN,20140822,1.32,1.325,1.275,1.3,7195524
QAN,20140825,1.295,1.317,1.295,1.3,4826126
QAN,20140826,1.3,1.305,1.287,1.305,5179810
QAN,20140827,1.31,1.312,1.285,1.295,5862498
QAN,20140828,1.34,1.41,1.34,1.385,32255500
QAN,20140829,1.405,1.477,1.405,1.47,28589041
QAN,20140901,1.475,1.5,1.435,1.45,10210537
QAN,20140902,1.45,1.54,1.44,1.525,19940420
QAN,20140903,1.535,1.597,1.525,1.56,23258274
QAN,20140904,1.565,1.57,1.53,1.565,15453148
QAN,20140905,1.56,1.567,1.53,1.54,7982903
QAN,20140908,1.54,1.555,1.537,1.54,3835425
QAN,20140909,1.55,1.57,1.545,1.565,7374973
QAN,20140910,1.55,1.575,1.537,1.575,11638724
QAN,20140911,1.575,1.605,1.567,1.585,9194081
QAN,20140912,1.565,1.58,1.557,1.57,5625999
QAN,20140915,1.55,1.55,1.46,1.48,20181847
QAN,20140916,1.495,1.535,1.49,1.515,18740469
QAN,20140917,1.515,1.522,1.477,1.485,8435049
QAN,20140918,1.48,1.485,1.455,1.475,12463827
QAN,20140919,1.48,1.485,1.44,1.45,53651772
QAN,20140922,1.435,1.465,1.43,1.435,8304310
QAN,20140923,1.42,1.455,1.41,1.45,6765672
QAN,20140924,1.435,1.455,1.415,1.42,10240719
QAN,20140925,1.435,1.445,1.42,1.44,9916669
QAN,20140926,1.425,1.44,1.42,1.43,7451676
QAN,20140929,1.425,1.43,1.4,1.42,7126341
QAN,20140930,1.43,1.43,1.385,1.39,6074846
QAN,20141001,1.38,1.435,1.372,1.435,6780072
QAN,20141002,1.39,1.427,1.39,1.425,4342708
QAN,20141003,1.405,1.42,1.385,1.41,4375838
QAN,20141006,1.405,1.425,1.4,1.415,2778918
QAN,20141007,1.415,1.415,1.387,1.405,9621566
QAN,20141008,1.375,1.39,1.375,1.375,9774906
QAN,20141009,1.385,1.4,1.38,1.395,12847482
QAN,20141010,1.355,1.375,1.335,1.35,23861224
QAN,20141013,1.32,1.327,1.285,1.3,11805398
QAN,20141014,1.27,1.3,1.25,1.285,37391771
QAN,20141015,1.285,1.34,1.28,1.335,11806020
QAN,20141016,1.305,1.325,1.287,1.32,10527834
QAN,20141017,1.315,1.355,1.315,1.33,10466721
QAN,20141020,1.335,1.35,1.315,1.34,7969418
QAN,20141021,1.34,1.37,1.335,1.36,14100118
QAN,20141022,1.38,1.402,1.37,1.385,17995130
QAN,20141023,1.375,1.415,1.37,1.375,8522903
QAN,20141024,1.4,1.435,1.39,1.425,33474102
QAN,20141027,1.465,1.505,1.465,1.5,28943486
QAN,20141028,1.52,1.615,1.517,1.61,29046625
QAN,20141029,1.615,1.66,1.605,1.64,24808827
QAN,20141030,1.65,1.665,1.63,1.645,13528075
QAN,20141031,1.65,1.7,1.645,1.68,18772273
QAN,20141103,1.685,1.715,1.635,1.64,17624842
QAN,20141104,1.665,1.68,1.65,1.68,8707773
QAN,20141105,1.685,1.725,1.67,1.715,15862018
QAN,20141106,1.715,1.715,1.645,1.655,14593456
QAN,20141107,1.64,1.69,1.62,1.685,17106284
QAN,20141110,1.725,1.74,1.71,1.72,17853257
QAN,20141111,1.73,1.76,1.715,1.76,16592675
QAN,20141112,1.76,1.765,1.725,1.74,9948238
QAN,20141113,1.74,1.795,1.737,1.785,12569306
QAN,20141114,1.78,1.81,1.76,1.79,11457856
QAN,20141117,1.8,1.825,1.795,1.8,8688316
QAN,20141118,1.81,1.822,1.8,1.81,8176460
QAN,20141119,1.8,1.87,1.795,1.83,10634668
QAN,20141120,1.8,1.855,1.785,1.79,13831498
QAN,20141121,1.8,1.8,1.745,1.77,9650327
QAN,20141124,1.765,1.767,1.74,1.745,8504823
QAN,20141125,1.735,1.76,1.725,1.745,52435333
QAN,20141126,1.755,1.83,1.755,1.83,12626790
QAN,20141127,1.83,1.835,1.785,1.795,7914890
QAN,20141128,1.85,1.96,1.837,1.92,24111813
QAN,20141201,1.96,2.135,1.96,2.01,25809037
QAN,20141202,1.965,1.99,1.892,1.95,17258851
QAN,20141203,2.01,2.08,2.01,2.07,25967774
QAN,20141204,2.06,2.07,2.04,2.06,15040565
QAN,20141205,2.07,2.115,2.05,2.1,12310450
QAN,20141208,2.24,2.44,2.23,2.39,24939296
QAN,20141209,2.45,2.57,2.355,2.38,26043613
QAN,20141210,2.42,2.46,2.305,2.39,17680773
QAN,20141211,2.39,2.45,2.33,2.44,11579908
QAN,20141212,2.46,2.47,2.4,2.4,9760998
QAN,20141215,2.36,2.37,2.22,2.27,19840633
QAN,20141216,2.3,2.39,2.29,2.35,15951563
QAN,20141217,2.3,2.35,2.27,2.31,10785113
QAN,20141218,2.3,2.33,2.245,2.25,11481028
QAN,20141219,2.32,2.33,2.29,2.32,22938027
QAN,20141222,2.32,2.365,2.3,2.35,9652471
QAN,20141223,2.35,2.4,2.35,2.39,8372359
QAN,20141224,2.36,2.37,2.325,2.34,2205918
QAN,20141229,2.35,2.41,2.32,2.41,3698996
QAN,20141230,2.41,2.41,2.37,2.41,5749960
QAN,20141231,2.41,2.42,2.375,2.4,3056141
QAN,20150102,2.4,2.42,2.385,2.42,3020851
QAN,20150105,2.42,2.5,2.41,2.5,7252224
QAN,20150106,2.5,2.64,2.48,2.61,19129469
QAN,20150107,2.64,2.64,2.54,2.56,10932943
QAN,20150108,2.58,2.58,2.5,2.54,8438915
QAN,20150109,2.54,2.54,2.49,2.5,6461270
QAN,20150112,2.48,2.49,2.42,2.43,7281501
QAN,20150113,2.44,2.45,2.42,2.45,9938811
QAN,20150114,2.45,2.46,2.41,2.44,8629279
QAN,20150115,2.41,2.42,2.33,2.36,10264448
QAN,20150116,2.31,2.33,2.28,2.31,5512330
QAN,20150119,2.3,2.3,2.2,2.25,8769973
QAN,20150120,2.23,2.28,2.22,2.27,7141798
QAN,20150121,2.31,2.34,2.29,2.34,9371684
QAN,20150122,2.35,2.37,2.29,2.33,5802872
QAN,20150123,2.36,2.37,2.28,2.34,5870511
QAN,20150127,2.34,2.39,2.3,2.38,8151361
QAN,20150128,2.44,2.49,2.42,2.48,18527450
QAN,20150129,2.5,2.58,2.49,2.57,19669669
QAN,20150130,2.59,2.63,2.52,2.61,17084772
QAN,20150202,2.56,2.575,2.5,2.51,12228042
QAN,20150203,2.44,2.445,2.34,2.41,16651729
QAN,20150204,2.39,2.39,2.33,2.38,15751960
QAN,20150205,2.44,2.52,2.42,2.5,13800475
QAN,20150206,2.48,2.5,2.43,2.49,10481078
QAN,20150209,2.47,2.51,2.42,2.49,8898812
QAN,20150210,2.46,2.6,2.44,2.59,10605553
QAN,20150211,2.62,2.65,2.58,2.61,11551960
QAN,20150212,2.62,2.64,2.54,2.56,10701061
QAN,20150213,2.56,2.69,2.55,2.67,11194482
QAN,20150216,2.64,2.66,2.59,2.64,4713579
QAN,20150217,2.64,2.645,2.6,2.63,3662921
QAN,20150218,2.66,2.7,2.66,2.69,9232060
QAN,20150219,2.7,2.725,2.68,2.7,5003436
QAN,20150220,2.72,2.76,2.71,2.71,7778902
QAN,20150223,2.73,2.77,2.725,2.76,5919777
QAN,20150224,2.76,2.77,2.72,2.72,4784749
QAN,20150225,2.76,2.81,2.745,2.81,9555206
QAN,20150226,2.93,3,2.81,2.85,26194223
QAN,20150227,2.9,2.96,2.885,2.89,19883758
QAN,20150302,2.89,2.94,2.88,2.89,7513930
QAN,20150303,2.91,2.93,2.84,2.86,15836433
QAN,20150304,2.86,2.87,2.81,2.87,13275386
QAN,20150305,2.88,2.93,2.85,2.89,11766717
QAN,20150306,2.88,2.9,2.865,2.87,4526475
QAN,20150309,2.86,2.88,2.79,2.8,7036741
QAN,20150310,2.84,2.9,2.82,2.9,7797913
QAN,20150311,2.84,2.94,2.84,2.94,6451620
QAN,20150312,2.95,3.03,2.94,3.02,12576573
QAN,20150313,3.02,3.07,3.015,3.06,9484144
QAN,20150316,3.04,3.11,3.04,3.07,7358770
QAN,20150317,3.11,3.12,3,3.02,7651535
QAN,20150318,3,3.07,3,3.05,9193881
QAN,20150319,3.02,3.06,2.995,3.02,13449967
QAN,20150320,3.06,3.08,3.035,3.08,9136053
QAN,20150323,3.08,3.11,3.03,3.04,9640497
QAN,20150324,3.01,3.02,2.95,2.99,9543332
QAN,20150325,3.02,3.05,3,3.02,6542497
QAN,20150326,2.99,3,2.89,2.91,9561885
QAN,20150327,2.9,2.95,2.87,2.95,10852003
QAN,20150330,2.95,3.02,2.89,3.01,8064010
QAN,20150331,3.05,3.12,3.035,3.12,16464419
QAN,20150401,3.11,3.19,3.08,3.19,16343463
QAN,20150402,3.17,3.3,3.16,3.26,15135211
QAN,20150407,3.26,3.295,3.2,3.24,9434674
QAN,20150408,3.24,3.24,3.18,3.2,9240275
QAN,20150409,3.24,3.34,3.23,3.31,11324025
QAN,20150410,3.32,3.37,3.305,3.34,9503974
QAN,20150413,3.34,3.4,3.3,3.33,5256395
QAN,20150414,3.34,3.45,3.34,3.44,8602222
QAN,20150415,3.45,3.49,3.38,3.4,17440714
QAN,20150416,3.39,3.4,3.23,3.32,16692810
QAN,20150417,3.26,3.325,3.25,3.31,6981294
QAN,20150420,3.28,3.3,3.21,3.26,9011444
QAN,20150421,3.28,3.35,3.275,3.31,10874960
QAN,20150422,3.31,3.365,3.31,3.36,5710470
QAN,20150423,3.36,3.36,3.29,3.34,13957360
QAN,20150424,3.3,3.41,3.28,3.39,9909848
QAN,20150427,3.4,3.41,3.36,3.38,8958504
QAN,20150428,3.37,3.37,3.29,3.3,7772096
QAN,20150429,3.32,3.33,3.23,3.24,7697205
QAN,20150430,3.17,3.39,3.12,3.39,17529376
QAN,20150501,3.37,3.4,3.31,3.4,8382624
QAN,20150504,3.39,3.425,3.36,3.39,8072548
QAN,20150505,3.4,3.41,3.32,3.35,9549705
QAN,20150506,3.32,3.36,3.27,3.3,10611210
QAN,20150507,3.21,3.27,3.2,3.22,9587220
QAN,20150508,3.25,3.425,3.25,3.4,13721359
QAN,20150511,3.42,3.48,3.31,3.32,22488477
QAN,20150512,3.42,3.65,3.41,3.56,40273360
QAN,20150513,3.6,3.61,3.51,3.58,21692125
QAN,20150514,3.56,3.79,3.54,3.68,26660387
QAN,20150515,3.77,3.77,3.58,3.6,11917812
QAN,20150518,3.6,3.69,3.55,3.56,7179968
QAN,20150519,3.61,3.61,3.51,3.53,9497201
QAN,20150520,3.56,3.63,3.505,3.6,15631050
QAN,20150521,3.55,3.66,3.53,3.55,9137755
QAN,20150522,3.48,3.5,3.42,3.45,14477210
QAN,20150525,3.47,3.54,3.46,3.49,8318614
QAN,20150526,3.51,3.53,3.485,3.53,13171713
QAN,20150527,3.54,3.58,3.49,3.5,9742450
QAN,20150528,3.53,3.55,3.45,3.45,6971535
QAN,20150529,3.46,3.55,3.46,3.52,11519050
QAN,20150601,3.46,3.52,3.43,3.52,7172432
QAN,20150602,3.55,3.55,3.35,3.4,10406196
QAN,20150603,3.36,3.39,3.28,3.3,15374868
QAN,20150604,3.28,3.36,3.19,3.2,12042350
QAN,20150605,3.2,3.26,3.175,3.26,11670884
QAN,20150609,3.24,3.33,3.21,3.24,10143721
QAN,20150610,3.21,3.24,3.155,3.23,8752415
QAN,20150611,3.24,3.29,3.19,3.22,11298660
QAN,20150612,3.19,3.24,3.19,3.22,6602140
QAN,20150615,3.2,3.27,3.2,3.23,7224914
QAN,20150616,3.24,3.28,3.21,3.22,9840639
QAN,20150617,3.25,3.25,3.21,3.23,13843074
QAN,20150618,3.18,3.205,3.11,3.14,12484536
QAN,20150619,3.16,3.215,3.15,3.18,15155687
QAN,20150622,3.19,3.23,3.18,3.19,6342659
QAN,20150623,3.2,3.21,3.17,3.21,9450353
QAN,20150624,3.2,3.26,3.18,3.25,8567872
QAN,20150625,3.25,3.26,3.21,3.24,5855068
QAN,20150626,3.24,3.25,3.12,3.12,9158799
QAN,20150629,3.04,3.07,2.99,3.02,15045165
QAN,20150630,2.99,3.17,2.98,3.16,20898136
QAN,20150701,3.12,3.295,3.12,3.26,9057333
QAN,20150702,3.3,3.33,3.23,3.27,8019941
QAN,20150703,3.21,3.24,3.13,3.2,8374275
QAN,20150706,3.14,3.21,3.12,3.18,5545598
QAN,20150707,3.28,3.45,3.25,3.43,17563523
QAN,20150708,3.38,3.4,3.3,3.35,10761182
QAN,20150709,3.31,3.405,3.26,3.4,10105146
QAN,20150710,3.43,3.46,3.325,3.33,7898601
QAN,20150713,3.32,3.52,3.32,3.45,11018624
QAN,20150714,3.55,3.59,3.48,3.54,8557244
QAN,20150715,3.56,3.58,3.485,3.53,7249121
QAN,20150716,3.53,3.59,3.51,3.58,8276115
QAN,20150717,3.58,3.64,3.56,3.63,8078495
QAN,20150720,3.66,3.67,3.59,3.64,3509050
QAN,20150721,3.64,3.68,3.63,3.65,6784828
QAN,20150722,3.65,3.68,3.63,3.65,8219818
QAN,20150723,3.68,3.76,3.65,3.75,8859120
QAN,20150724,3.74,3.74,3.62,3.69,10396767
QAN,20150727,3.65,3.77,3.64,3.77,6104552
QAN,20150728,3.7,3.78,3.7,3.75,6990242
QAN,20150729,3.78,3.86,3.77,3.8,15577056
QAN,20150730,3.8,3.85,3.71,3.74,8752084
QAN,20150731,3.78,3.79,3.72,3.75,10183095
QAN,20150803,3.75,3.78,3.69,3.71,5481774
QAN,20150804,3.74,3.86,3.71,3.85,13617940
QAN,20150805,3.85,3.875,3.795,3.83,7719318
QAN,20150806,3.86,3.89,3.82,3.84,6708181
QAN,20150807,3.85,3.85,3.77,3.77,8725378
QAN,20150810,3.79,3.89,3.78,3.87,8136696
QAN,20150811,3.87,3.87,3.71,3.76,11169790
QAN,20150812,3.8,3.825,3.71,3.75,7883373
QAN,20150813,3.73,3.77,3.65,3.66,6020961
QAN,20150814,3.68,3.75,3.67,3.72,6572679
QAN,20150817,3.72,3.77,3.72,3.76,4109639
QAN,20150818,3.8,3.865,3.76,3.79,11608494
QAN,20150819,3.79,3.8,3.7,3.76,9201549
QAN,20150820,3.9,3.9,3.52,3.53,20156764
QAN,20150821,3.6,3.6,3.37,3.45,25901817
QAN,20150824,3.33,3.39,3.245,3.3,29463014
QAN,20150825,3.22,3.52,3.21,3.49,21025664
QAN,20150826,3.46,3.6,3.39,3.59,17790482
QAN,20150827,3.66,3.68,3.52,3.53,11102207
QAN,20150828,3.55,3.55,3.33,3.39,17529636
QAN,20150831,3.35,3.36,3.27,3.36,18737342
QAN,20150901,3.3,3.505,3.29,3.47,18385718
QAN,20150902,3.42,3.53,3.365,3.5,17884681
QAN,20150903,3.53,3.55,3.42,3.43,7500826
QAN,20150904,3.47,3.54,3.41,3.47,9969275
QAN,20150907,3.5,3.56,3.47,3.53,6406159
QAN,20150908,3.55,3.595,3.505,3.53,8416730
QAN,20150909,3.59,3.62,3.51,3.54,20075397
QAN,20150910,3.51,3.59,3.51,3.54,12723735
QAN,20150911,3.53,3.55,3.51,3.54,10629653
QAN,20150914,3.58,3.63,3.56,3.6,11316881
QAN,20150915,3.62,3.67,3.57,3.57,9802236
QAN,20150916,3.6,3.69,3.53,3.65,16472879
QAN,20150917,3.74,3.75,3.67,3.67,15121694
QAN,20150918,3.67,3.69,3.625,3.63,15399010
QAN,20150921,3.59,3.66,3.57,3.66,7134436
QAN,20150922,3.69,3.695,3.66,3.68,6692158
QAN,20150923,3.68,3.75,3.65,3.69,13143837
QAN,20150924,3.72,3.8,3.7,3.78,14345195
QAN,20150925,3.8,3.83,3.68,3.69,14380038
QAN,20150928,3.68,3.79,3.67,3.79,5454078
QAN,20150929,3.74,3.75,3.68,3.71,13640608
QAN,20150930,3.76,3.795,3.7,3.72,13954776
QAN,20151001,3.75,3.83,3.73,3.82,10228710
QAN,20151002,3.8,3.87,3.79,3.82,6590199
QAN,20151005,3.86,3.92,3.85,3.89,5901899
QAN,20151006,3.93,3.95,3.84,3.86,10884333
QAN,20151007,3.83,3.83,3.71,3.72,11422672
QAN,20151008,3.75,3.76,3.58,3.6,12153739
QAN,20151009,3.6,3.65,3.58,3.63,11552755
QAN,20151012,3.58,3.62,3.555,3.58,7612651
QAN,20151013,3.62,3.76,3.62,3.73,14834344
QAN,20151014,3.76,3.82,3.72,3.8,12110182
QAN,20151015,3.82,3.88,3.755,3.87,8807144
QAN,20151016,3.9,3.95,3.88,3.91,6825676
QAN,20151019,3.9,3.905,3.86,3.88,2665476
QAN,20151020,3.91,3.99,3.9,3.94,13258820
QAN,20151021,3.92,3.95,3.88,3.9,4320200
QAN,20151022,3.92,3.955,3.845,3.86,7771214
QAN,20151023,3.91,3.95,3.84,3.86,8755521
QAN,20151026,3.87,3.93,3.87,3.9,9195047
QAN,20151109,3.74,3.78,3.71,3.71,4569708
QAN,20151110,3.7,3.705,3.59,3.66,8079379
QAN,20151111,3.65,3.72,3.63,3.65,6121038
QAN,20151112,3.63,3.68,3.61,3.67,5640591
QAN,20151113,3.62,3.63,3.55,3.61,6387121
QAN,20151116,3.55,3.6,3.46,3.55,7877919
QAN,20151117,3.59,3.76,3.59,3.76,11788957
QAN,20151118,3.8,3.89,3.77,3.86,16596721
QAN,20151119,3.91,3.91,3.78,3.85,9342830
QAN,20151120,3.85,3.865,3.7,3.8,7136401
QAN,20151123,3.8,3.84,3.75,3.79,4771601
QAN,20151124,3.76,3.76,3.69,3.69,8366964
QAN,20151125,3.66,3.66,3.615,3.63,7277468
QAN,20151126,3.66,3.7,3.61,3.63,7180584
QAN,20151127,3.69,3.78,3.68,3.78,8540427
QAN,20151130,3.79,3.8,3.64,3.64,10513440
QAN,20151201,3.66,3.7,3.65,3.69,13378043
QAN,20151202,3.69,3.75,3.65,3.72,6245708
QAN,20151203,3.71,3.76,3.69,3.74,7391390
QAN,20151204,3.67,3.71,3.64,3.67,5823854
QAN,20151207,3.74,3.76,3.67,3.68,5678333
QAN,20151208,3.69,3.88,3.68,3.86,16303410
QAN,20151209,3.86,3.88,3.79,3.86,6430876
QAN,20151210,3.88,3.88,3.805,3.86,6928996
QAN,20151211,3.84,3.9,3.78,3.83,4945077
QAN,20151214,3.81,3.85,3.74,3.78,5712271
QAN,20151215,3.9,3.94,3.665,3.69,23746031
QAN,20151216,3.73,3.865,3.71,3.8,12001025
QAN,20151217,3.94,3.96,3.87,3.9,11863808
QAN,20151218,3.87,3.96,3.85,3.91,10143203
QAN,20151221,3.91,3.95,3.86,3.87,4986696
QAN,20151222,3.94,3.96,3.88,3.9,5720163
QAN,20151223,3.95,4.03,3.93,4.02,7909484
QAN,20151224,4.03,4.04,3.98,4,2287672
QAN,20151229,4,4.08,3.98,4.08,5814649
QAN,20151230,4.1,4.14,4.07,4.14,6422946
QAN,20151231,4.15,4.16,4.09,4.09,5023309
QAN,20160104,4.11,4.14,4.05,4.09,4635512
QAN,20160105,4.05,4.09,4.02,4.07,5056181
QAN,20160106,4.09,4.1,3.99,4.03,5992225
QAN,20160107,4.08,4.15,4.055,4.08,9610389
QAN,20160108,4.07,4.12,4.01,4.06,10392341
QAN,20160111,4,4.03,3.95,3.98,6487034
QAN,20160112,4.02,4.15,4.02,4.07,10774369
QAN,20160113,4.1,4.14,4.065,4.11,9464659
QAN,20160114,4.06,4.14,4.02,4.09,6608844
QAN,20160115,4.14,4.14,4,4.04,6197984
QAN,20160118,4,4.05,3.97,4.01,5189716
QAN,20160119,4.02,4.07,4.005,4.04,4852744
QAN,20160120,4.05,4.06,3.98,4,5497977
QAN,20160121,4.09,4.09,3.92,3.93,9135753
QAN,20160122,3.99,3.99,3.92,3.97,5415865
QAN,20160125,3.98,3.99,3.78,3.86,9985551
QAN,20160127,3.83,3.95,3.83,3.84,6982874
QAN,20160128,3.86,3.86,3.79,3.82,8601388
QAN,20160129,3.86,3.94,3.845,3.88,15500300
QAN,20160201,3.94,3.97,3.9,3.97,9453147
QAN,20160202,3.97,4.02,3.93,3.98,6083715
QAN,20160203,3.93,3.95,3.85,3.9,5818192
QAN,20160204,3.88,3.91,3.81,3.86,7571751
QAN,20160205,3.88,3.89,3.785,3.83,6264815
QAN,20160208,3.82,3.85,3.76,3.79,6010577
QAN,20160209,3.73,3.76,3.67,3.76,11681618
QAN,20160210,3.84,3.85,3.73,3.75,13969463
QAN,20160211,3.78,3.835,3.765,3.83,4702057
QAN,20160212,3.75,3.825,3.73,3.82,7617806
QAN,20160215,3.85,3.87,3.8,3.86,7163570
QAN,20160216,3.89,3.92,3.84,3.92,6804204
QAN,20160217,3.88,3.94,3.87,3.92,6043458
QAN,20160218,3.91,3.965,3.905,3.95,11543820
QAN,20160219,3.95,4.01,3.93,3.96,8466571
QAN,20160222,3.99,4.05,3.98,3.99,10917151
QAN,20160223,4.1,4.12,3.745,3.79,25737574
QAN,20160224,3.84,4.04,3.83,3.97,16661241
QAN,20160225,4,4.01,3.87,3.9,10494798
QAN,20160226,3.88,3.89,3.84,3.87,7566351
QAN,20160229,3.87,3.94,3.86,3.86,7715356
QAN,20160301,3.86,3.93,3.85,3.89,7865725
QAN,20160302,3.92,3.92,3.87,3.88,7409354
QAN,20160303,3.88,3.905,3.8,3.83,8949140
QAN,20160304,3.8,3.82,3.71,3.72,13210065
QAN,20160307,3.71,3.81,3.68,3.79,11885835
QAN,20160308,3.8,3.82,3.75,3.8,13318441
QAN,20160309,3.85,3.87,3.825,3.86,8874462
QAN,20160310,3.85,3.9,3.81,3.86,8044169
QAN,20160311,3.85,3.975,3.85,3.96,7447720
QAN,20160314,4.01,4.08,4,4.07,22331006
QAN,20160315,4.06,4.09,4.05,4.06,7868262
QAN,20160316,4.09,4.16,4.07,4.14,14750705
QAN,20160317,4.14,4.17,4.1,4.12,11264102
QAN,20160318,4.09,4.1,4.01,4.01,31181945
QAN,20160321,4.05,4.08,4.02,4.05,7724053
QAN,20160322,4.07,4.1,4.06,4.07,7239738
QAN,20160323,4.08,4.08,4.05,4.07,11986206
QAN,20160324,4.07,4.1,4.04,4.07,16676707
QAN,20160329,4.07,4.07,4.02,4.03,6063687
QAN,20160330,4.07,4.07,3.96,3.97,6617439
QAN,20160331,4.04,4.08,4.02,4.07,7281710
QAN,20160401,4.06,4.17,4.03,4.14,11057690
QAN,20160404,4.14,4.215,4.115,4.16,7442414
QAN,20160405,4.13,4.17,4.03,4.05,8907133
QAN,20160406,4.06,4.11,4.045,4.11,11254210
QAN,20160407,4.11,4.15,4.03,4.03,8093781
QAN,20160408,4.02,4.05,3.965,3.99,11586636
QAN,20160411,3.98,4.01,3.96,3.99,5902875
QAN,20160412,4,4.05,3.97,4.01,6524426
QAN,20160413,4,4,3.94,3.97,7833976
QAN,20160414,3.98,4.03,3.98,4.01,6200889
QAN,20160415,4.01,4.075,3.99,4.06,4632137
QAN,20160418,3.9,3.91,3.48,3.62,43224528
QAN,20160419,3.64,3.645,3.43,3.47,38295359
QAN,20160420,3.44,3.53,3.32,3.52,34841014
QAN,20160421,3.55,3.55,3.39,3.42,21871689
QAN,20160422,3.36,3.43,3.36,3.37,17898402
QAN,20160426,3.34,3.35,3.21,3.21,35346175
QAN,20160427,3.18,3.38,3.16,3.34,26934776
QAN,20160428,3.36,3.36,3.22,3.27,14966979
QAN,20160429,3.23,3.27,3.205,3.22,13983791
QAN,20160502,3.22,3.26,3.195,3.23,8806077
QAN,20160503,3.24,3.36,3.21,3.32,14168041
QAN,20160504,3.36,3.4,3.33,3.38,13798942
QAN,20160505,3.4,3.445,3.38,3.4,11856334
QAN,20160506,3.37,3.38,3.29,3.32,13423584
QAN,20160509,3.28,3.35,3.27,3.33,8979602
QAN,20160510,3.36,3.455,3.35,3.41,11914544
QAN,20160511,3.44,3.45,3.39,3.41,7074039
QAN,20160512,3.38,3.39,3.33,3.37,7250902
QAN,20160513,3.36,3.37,3.275,3.28,18298306
QAN,20160516,3.29,3.415,3.29,3.4,11380612
QAN,20160517,3.35,3.39,3.3,3.39,8741710
QAN,20160518,3.32,3.36,3.28,3.31,14260219
QAN,20160519,3.29,3.305,3.23,3.24,12536646
QAN,20160520,3.23,3.28,3.23,3.25,8035802
QAN,20160523,3.26,3.27,3.2,3.2,8360802
QAN,20160524,3.2,3.2,3.08,3.1,27570488
QAN,20160525,3.1,3.17,3.1,3.16,15261087
QAN,20160526,3.15,3.2,3.12,3.12,10781755
QAN,20160527,3.1,3.105,2.99,3,17298616
QAN,20160530,3.02,3.1,3.005,3.1,32674266
QAN,20160531,3.08,3.095,3.045,3.08,11013602
QAN,20160601,3.03,3.14,3.02,3.1,16099771
QAN,20160602,3.07,3.09,2.98,3,15985992
QAN,20160603,3,3.02,2.915,2.92,17031399
QAN,20160606,2.91,2.96,2.88,2.92,11895751
QAN,20160607,2.94,2.96,2.92,2.93,19086751
QAN,20160608,2.94,3.04,2.93,3.04,13959864
QAN,20160609,3.06,3.06,2.98,3.01,8182686
QAN,20160610,3,3.01,2.95,3,7915841
QAN,20160614,2.94,2.96,2.86,2.86,9679320
QAN,20160615,2.85,2.88,2.77,2.87,17444152
QAN,20160616,2.95,2.95,2.84,2.85,19420412
QAN,20160617,2.89,2.92,2.85,2.92,11246517
QAN,20160620,2.94,2.94,2.865,2.91,6740540
QAN,20160621,2.91,2.935,2.89,2.93,7388139
QAN,20160622,2.93,2.98,2.89,2.96,9019697
QAN,20160623,2.95,2.97,2.91,2.91,8954997
QAN,20160624,2.91,2.93,2.72,2.75,21625156
QAN,20160627,2.75,2.76,2.71,2.73,6840376
QAN,20160628,2.69,2.69,2.58,2.61,13690943
QAN,20160629,2.65,2.79,2.64,2.77,17873494
QAN,20160630,2.85,2.905,2.79,2.82,18074735
QAN,20160701,2.84,2.845,2.76,2.76,7514257
QAN,20160704,2.76,2.81,2.7,2.81,7534931
QAN,20160705,2.8,2.82,2.74,2.79,11800906
QAN,20160706,2.73,2.77,2.72,2.75,6421671
QAN,20160707,2.75,2.8,2.75,2.78,9144551
QAN,20160708,2.81,2.835,2.785,2.8,6804662
QAN,20160711,2.84,2.86,2.82,2.84,9645670
QAN,20160712,2.86,2.975,2.85,2.93,14476416
QAN,20160713,2.97,3.025,2.96,2.99,13720678
QAN,20160714,3,3.04,2.985,3.02,8769889
QAN,20160715,3.04,3.105,3.035,3.07,11465307
QAN,20160718,3.09,3.11,3.045,3.09,8581812
QAN,20160719,3.11,3.11,3.06,3.08,4729143
QAN,20160720,3.09,3.13,3.06,3.13,9060023
QAN,20160721,3.15,3.17,3.1,3.1,13004112
QAN,20160722,3.07,3.075,3,3.01,14347904
QAN,20160725,3.02,3.04,2.98,3.01,7629925
QAN,20160726,3.01,3.05,2.985,3.03,6477866
QAN,20160727,3.05,3.07,3,3.02,5494669
QAN,20160728,3.03,3.1,3.01,3.07,11330463
QAN,20160729,3.1,3.16,3.09,3.16,13793206
QAN,20160801,3.16,3.19,3.125,3.17,5993645
QAN,20160802,3.19,3.25,3.19,3.21,12166362
QAN,20160803,3.21,3.21,3.14,3.14,11878880
QAN,20160804,3.17,3.2,3.11,3.14,9512229
QAN,20160805,3.15,3.16,3.12,3.14,6887082
QAN,20160808,3.18,3.21,3.15,3.19,6684167
QAN,20160809,3.19,3.2,3.15,3.17,6698315
QAN,20160810,3.16,3.165,3.115,3.16,6114417
QAN,20160811,3.14,3.21,3.13,3.21,4197517
QAN,20160812,3.22,3.23,3.19,3.21,7341905
QAN,20160815,3.22,3.34,3.215,3.34,11736370
QAN,20160816,3.33,3.34,3.3,3.34,7656122
QAN,20160817,3.34,3.375,3.31,3.35,8486129
QAN,20160818,3.39,3.39,3.32,3.37,7031346
QAN,20160819,3.35,3.38,3.345,3.36,5707357
QAN,20160822,3.38,3.435,3.375,3.43,12416660
QAN,20160823,3.45,3.47,3.39,3.4,11390337
QAN,20160824,3.48,3.58,3.42,3.45,21641493
QAN,20160825,3.48,3.48,3.34,3.36,13683610
QAN,20160826,3.34,3.41,3.31,3.35,11422812
QAN,20160829,3.35,3.35,3.275,3.29,5500818
QAN,20160830,3.3,3.33,3.24,3.24,7148418
QAN,20160831,3.25,3.26,3.23,3.24,8061537
QAN,20160901,3.25,3.31,3.24,3.27,7072304
QAN,20160902,3.29,3.29,3.24,3.26,7944290
QAN,20160905,3.26,3.295,3.25,3.28,5056074
QAN,20160906,3.29,3.4,3.26,3.39,13947194
QAN,20160907,3.33,3.41,3.31,3.39,14311484
QAN,20160908,3.35,3.37,3.33,3.33,9097714
QAN,20160909,3.31,3.35,3.295,3.31,9463162
QAN,20160912,3.27,3.29,3.23,3.26,7381929
QAN,20160913,3.3,3.31,3.27,3.29,9736253
QAN,20160914,3.28,3.32,3.28,3.3,7350574
QAN,20160915,3.28,3.3,3.24,3.25,9117254
QAN,20160916,3.26,3.275,3.2,3.21,10123790
QAN,20160919,3.2,3.21,3.18,3.2,1655399
QAN,20160920,3.19,3.21,3.14,3.15,11311898
QAN,20160921,3.12,3.18,3.105,3.17,10195357
QAN,20160922,3.16,3.2,3.15,3.18,6925313
QAN,20160923,3.19,3.23,3.17,3.23,7558579
QAN,20160926,3.24,3.27,3.23,3.24,8845734
QAN,20160927,3.21,3.22,3.17,3.17,6304917
QAN,20160928,3.2,3.21,3.14,3.14,6616891
QAN,20160929,3.14,3.17,3.1,3.13,9599585
QAN,20160930,3.12,3.145,3.08,3.12,10432162
QAN,20161003,3.12,3.17,3.12,3.14,3278763
QAN,20161004,3.15,3.21,3.15,3.18,12403915
QAN,20161005,3.19,3.2,3.16,3.16,6927712
QAN,20161006,3.17,3.18,3.14,3.16,5330669
QAN,20161007,3.15,3.17,3.13,3.15,5703110
QAN,20161010,3.18,3.2,3.16,3.18,2710013
QAN,20161011,3.18,3.19,3.13,3.14,6891759
QAN,20161012,3.11,3.15,3.11,3.13,12390538
QAN,20161013,3.13,3.18,3.125,3.16,11849478
QAN,20161014,3.19,3.29,3.19,3.24,9346379
QAN,20161017,3.23,3.25,3.18,3.19,5589760
QAN,20161018,3.18,3.235,3.14,3.14,9239015
QAN,20161019,3.15,3.24,3.14,3.21,8516392
QAN,20161020,3.22,3.27,3.21,3.26,12081282
QAN,20161021,3.25,3.265,3.22,3.25,6528743
QAN,20161024,3.23,3.24,3.19,3.23,3254278
QAN,20161025,3.21,3.24,3.16,3.17,12554719
QAN,20161026,3.16,3.17,3.05,3.06,21354126
QAN,20161027,3.07,3.07,3.03,3.05,12049521
QAN,20161028,3.05,3.06,2.92,2.94,15316761
QAN,20161031,2.85,3.1,2.67,3.06,22035425
QAN,20161101,3.04,3.045,2.94,2.99,10650909
QAN,20161102,2.98,2.99,2.92,2.95,10395058
QAN,20161103,2.95,3.01,2.9,2.99,10108319
QAN,20161104,2.97,2.975,2.91,2.92,5491773
QAN,20161107,2.92,3,2.91,3,7570706
QAN,20161108,3,3.01,2.97,2.98,6357609
QAN,20161109,3,3.07,2.87,2.93,7277568
QAN,20161110,2.96,3.02,2.95,3.02,5207402
QAN,20161111,3.03,3.1,3.02,3.1,6332634
QAN,20161114,3.14,3.14,3.08,3.1,5042961
QAN,20161115,3.1,3.17,3.1,3.17,7956694
QAN,20161116,3.17,3.17,3.12,3.15,6045356
QAN,20161117,3.13,3.14,3.08,3.11,4587307
QAN,20161118,3.13,3.145,3.105,3.12,4011502
QAN,20161121,3.12,3.14,3.08,3.1,2131139
QAN,20161122,3.1,3.18,3.09,3.17,4803151
QAN,20161123,3.16,3.25,3.155,3.25,5827321
QAN,20161124,3.27,3.28,3.19,3.21,6953513
QAN,20161125,3.19,3.225,3.16,3.22,5182010
QAN,20161128,3.22,3.23,3.18,3.19,3688199
QAN,20161129,3.2,3.2,3.16,3.18,4750399
QAN,20161130,3.18,3.3,3.17,3.3,11914592
QAN,20161201,3.18,3.25,3.18,3.22,8848357
QAN,20161202,3.2,3.28,3.2,3.26,5335195
QAN,20161205,3.23,3.25,3.16,3.17,6744601
QAN,20161206,3.22,3.22,3.175,3.21,4456123
QAN,20161207,3.21,3.295,3.19,3.27,7009369
QAN,20161208,3.3,3.39,3.29,3.38,8817950
QAN,20161209,3.39,3.45,3.37,3.43,8266397
QAN,20161212,3.43,3.45,3.315,3.32,13818013
QAN,20161213,3.29,3.305,3.21,3.27,10945499
QAN,20161214,3.25,3.37,3.25,3.32,10040589
QAN,20161215,3.26,3.375,3.26,3.36,10773467
QAN,20161216,3.37,3.37,3.26,3.32,17345439
QAN,20161219,3.33,3.41,3.32,3.36,6463628
QAN,20161220,3.37,3.41,3.36,3.37,16739231
QAN,20161221,3.39,3.4,3.37,3.37,3476473
QAN,20161222,3.35,3.39,3.35,3.37,6174304
QAN,20161223,3.39,3.39,3.36,3.38,2760346
QAN,20161228,3.38,3.395,3.355,3.39,2676027
QAN,20161229,3.4,3.4,3.36,3.38,1553441
QAN,20161230,3.36,3.37,3.33,3.33,2594816
QAN,20170103,3.37,3.38,3.35,3.38,3173997
QAN,20170104,3.37,3.375,3.33,3.34,3037241
QAN,20170105,3.35,3.365,3.32,3.34,3377598
QAN,20170106,3.36,3.37,3.33,3.33,2584745
QAN,20170109,3.35,3.36,3.33,3.35,2073992
QAN,20170110,3.36,3.37,3.32,3.35,3878604
QAN,20170111,3.37,3.42,3.35,3.4,6783366
QAN,20170112,3.4,3.57,3.39,3.51,13487581
QAN,20170113,3.55,3.56,3.49,3.53,11228109
QAN,20170116,3.54,3.56,3.51,3.54,7114334
QAN,20170117,3.54,3.55,3.51,3.53,6041540
QAN,20170118,3.49,3.5,3.4,3.43,13760388
QAN,20170119,3.47,3.51,3.45,3.47,3918008
QAN,20170120,3.45,3.5,3.425,3.47,7420338
QAN,20170123,3.5,3.5,3.41,3.43,3339622
QAN,20170124,3.42,3.46,3.4,3.43,4948690
QAN,20170125,3.43,3.5,3.43,3.5,6938143
QAN,20170127,3.51,3.545,3.48,3.53,5654112
QAN,20170130,3.47,3.51,3.44,3.49,3783954
QAN,20170131,3.45,3.465,3.38,3.41,6592410
QAN,20170201,3.37,3.405,3.34,3.34,7109517
QAN,20170202,3.33,3.34,3.265,3.3,7249134
QAN,20170203,3.27,3.29,3.2,3.25,7470906
QAN,20170206,3.26,3.295,3.23,3.28,4742110
QAN,20170207,3.25,3.34,3.23,3.33,7190363
QAN,20170208,3.33,3.4,3.33,3.38,6548763
QAN,20170209,3.38,3.38,3.29,3.35,8372459
QAN,20170210,3.35,3.41,3.31,3.38,8570745
QAN,20170213,3.38,3.435,3.38,3.4,5453041
QAN,20170214,3.42,3.43,3.39,3.4,4773372
QAN,20170215,3.42,3.49,3.41,3.48,8026082
QAN,20170216,3.48,3.5,3.42,3.47,6087481
QAN,20170217,3.45,3.49,3.44,3.48,4330484
QAN,20170220,3.48,3.49,3.46,3.48,3250305
QAN,20170221,3.48,3.49,3.45,3.48,4892813
QAN,20170222,3.48,3.565,3.465,3.55,9096863
QAN,20170223,3.58,3.78,3.56,3.74,25646243
QAN,20170224,3.72,3.77,3.66,3.7,15969134
QAN,20170227,3.7,3.755,3.67,3.7,8655848
QAN,20170228,3.7,3.77,3.68,3.75,11747225
QAN,20170301,3.7,3.75,3.69,3.75,11135395
QAN,20170302,3.77,3.81,3.76,3.78,9228347
QAN,20170303,3.78,3.78,3.69,3.73,4765210
QAN,20170306,3.7,3.765,3.69,3.75,8992001
QAN,20170307,3.65,3.715,3.63,3.7,15104554
QAN,20170308,3.64,3.72,3.63,3.71,6100209
QAN,20170309,3.75,3.77,3.71,3.75,8749745
QAN,20170310,3.76,3.81,3.74,3.81,12652478
QAN,20170313,3.8,3.88,3.78,3.88,8488426
QAN,20170314,3.86,3.88,3.82,3.84,8784546
QAN,20170315,3.81,3.82,3.74,3.8,5595098
QAN,20170316,3.78,3.815,3.75,3.76,10094744
QAN,20170317,3.79,3.84,3.78,3.79,6770418
QAN,20170320,3.74,3.83,3.74,3.81,3895463
QAN,20170321,3.8,3.85,3.78,3.84,6076327
QAN,20170322,3.82,3.855,3.79,3.82,10380375
QAN,20170323,3.83,3.86,3.81,3.86,6648681
QAN,20170324,3.89,4,3.85,3.89,11702280
QAN,20170327,3.86,3.935,3.84,3.92,9754102
QAN,20170328,3.94,4,3.93,3.98,9700332
QAN,20170329,3.98,4,3.95,4,8631257
QAN,20170330,3.96,4.02,3.96,3.98,7065977
QAN,20170331,3.97,3.97,3.89,3.89,9583749
QAN,20170403,3.89,3.93,3.86,3.9,8358542
QAN,20170404,3.88,3.95,3.88,3.92,6218230
QAN,20170405,3.92,3.98,3.915,3.94,7651768
QAN,20170406,3.93,3.99,3.91,3.97,4921105
QAN,20170407,3.95,3.98,3.81,3.92,12073368
QAN,20170410,3.9,3.99,3.9,3.94,5387254
QAN,20170411,3.93,3.97,3.915,3.92,5392532
QAN,20170412,3.93,3.98,3.92,3.95,8039553
QAN,20170413,3.94,3.94,3.885,3.9,4753412
QAN,20170418,3.89,3.95,3.89,3.91,7299855
QAN,20170419,3.92,3.96,3.91,3.94,5144039
QAN,20170420,3.94,3.97,3.91,3.95,4547437
QAN,20170421,3.97,4.005,3.94,3.94,4666731
QAN,20170424,3.98,4.005,3.96,3.97,3678438
QAN,20170426,3.96,4.04,3.96,4.01,8646999
QAN,20170427,4.05,4.22,4.045,4.21,18456065
QAN,20170428,4.17,4.245,4.16,4.24,9344324
QAN,20170501,4.25,4.35,4.24,4.35,14586080
QAN,20170502,4.33,4.36,4.285,4.36,19065108
QAN,20170503,4.36,4.42,4.34,4.36,18736247
QAN,20170504,4.36,4.43,4.36,4.42,16087892
QAN,20170505,4.43,4.55,4.42,4.52,12966840
QAN,20170508,4.56,4.69,4.55,4.66,24231671
QAN,20170509,4.68,4.77,4.66,4.73,13104826
QAN,20170510,4.7,4.85,4.7,4.77,18041906
QAN,20170511,4.77,4.86,4.74,4.81,14178060
QAN,20170512,4.78,4.81,4.72,4.74,16928823
QAN,20170515,4.72,4.785,4.72,4.78,8821753
QAN,20170516,4.83,4.97,4.81,4.92,21870931
QAN,20170517,4.91,4.92,4.855,4.87,9070436
QAN,20170518,4.79,4.815,4.715,4.81,10620053
QAN,20170519,4.84,4.9,4.82,4.86,8106560
QAN,20170522,4.86,4.925,4.85,4.91,7053524
QAN,20170523,4.91,4.93,4.8,4.86,7377523
QAN,20170524,4.85,4.9,4.835,4.84,9127648
QAN,20170525,4.84,5.015,4.83,5.01,14505969
QAN,20170526,5.05,5.07,4.885,4.96,7614849
QAN,20170529,4.95,5.02,4.95,5,12347886
QAN,20170530,5,5.03,4.945,4.98,12777669
QAN,20170531,4.98,5.05,4.965,5.01,10304953
QAN,20170601,5.02,5.09,5.01,5.07,10154860
QAN,20170602,5.1,5.175,5.09,5.16,9387333
QAN,20170605,5.13,5.13,5.055,5.08,7516485
QAN,20170606,5.03,5.135,5.03,5.09,9659541
QAN,20170607,5.12,5.14,5.11,5.11,21004388
QAN,20170608,5.09,5.16,5.09,5.15,5762474
QAN,20170609,5.27,5.32,5.2,5.32,17851277
QAN,20170613,5.29,5.37,5.285,5.37,12464441
QAN,20170614,5.39,5.49,5.37,5.45,17628925
QAN,20170615,5.45,5.505,5.41,5.42,22486199
QAN,20170616,5.45,5.64,5.42,5.5,20471547
QAN,20170619,5.53,5.59,5.47,5.51,7381439
QAN,20170620,5.58,5.58,5.49,5.5,11225310
QAN,20170621,5.49,5.545,5.405,5.5,12345152
QAN,20170622,5.52,5.64,5.46,5.58,9666028
QAN,20170623,5.57,5.59,5.53,5.58,5633517
QAN,20170626,5.6,5.65,5.535,5.63,17102785
QAN,20170627,5.63,5.645,5.58,5.63,15668097
QAN,20170628,5.6,5.65,5.57,5.6,6728751
QAN,20170629,5.64,5.9,5.63,5.86,23648021
QAN,20170630,5.8,5.84,5.71,5.72,11396916
QAN,20170703,5.71,5.79,5.7,5.71,7971959
QAN,20170704,5.74,5.805,5.735,5.78,9602982
QAN,20170705,5.8,5.86,5.76,5.76,6299131
QAN,20170706,5.76,5.78,5.71,5.77,6352613
QAN,20170707,5.72,5.79,5.67,5.77,7221899
QAN,20170710,5.76,5.84,5.76,5.83,6250433
QAN,20170711,5.82,5.885,5.82,5.87,6580162
QAN,20170712,5.84,5.87,5.7,5.7,6397172
QAN,20170713,5.76,5.78,5.63,5.7,8250165
QAN,20170714,5.7,5.71,5.42,5.44,13463128
QAN,20170717,5.4,5.53,5.34,5.49,9979760
QAN,20170718,5.52,5.55,5.44,5.46,11114076
QAN,20170719,5.52,5.53,5.43,5.5,8866179
QAN,20170720,5.5,5.52,5.355,5.38,7224978
QAN,20170721,5.33,5.37,5.23,5.23,14869893
QAN,20170724,5.18,5.28,5.13,5.24,6992822
QAN,20170725,5.25,5.34,5.25,5.32,5822802
QAN,20170726,5.4,5.48,5.38,5.4,12562369
QAN,20170727,5.38,5.39,5.31,5.36,5268871
QAN,20170728,5.31,5.34,5.28,5.3,5991733
QAN,20170731,5.28,5.405,5.25,5.32,8170989
QAN,20170801,5.29,5.395,5.28,5.39,4911735
QAN,20170802,5.42,5.59,5.41,5.58,8316386
QAN,20170803,5.59,5.61,5.55,5.59,7027007
QAN,20170804,5.59,5.725,5.59,5.7,5892500
QAN,20170807,5.74,5.79,5.69,5.74,3690780
QAN,20170808,5.75,5.75,5.665,5.69,18520875
QAN,20170809,5.66,5.72,5.64,5.67,3352521
QAN,20170810,5.71,5.84,5.67,5.81,7347711
QAN,20170811,5.76,5.835,5.69,5.76,5536281
QAN,20170814,5.81,5.825,5.715,5.75,3567692
QAN,20170815,5.77,5.845,5.765,5.78,3886972
QAN,20170816,5.8,5.85,5.775,5.83,4909794
QAN,20170817,5.89,5.945,5.86,5.9,6635144
QAN,20170818,5.8,5.83,5.7,5.7,7463335
QAN,20170821,5.71,5.745,5.68,5.72,7288407
QAN,20170822,5.75,5.8,5.69,5.74,4059684
QAN,20170823,5.84,5.84,5.75,5.79,4931631
QAN,20170824,5.78,5.835,5.71,5.8,7534522
QAN,20170825,5.79,6.05,5.58,6.02,15653420
QAN,20170828,5.95,5.97,5.56,5.68,13195899
QAN,20170829,5.66,5.66,5.51,5.56,10049463
QAN,20170830,5.62,5.72,5.595,5.66,20525840
QAN,20170831,5.73,5.73,5.63,5.72,9996011
QAN,20170901,5.72,5.79,5.67,5.7,6499864
QAN,20170904,5.67,5.675,5.59,5.62,3692442
QAN,20170905,5.6,5.63,5.55,5.63,3621535
QAN,20170906,5.61,5.725,5.6,5.71,8388013
QAN,20170907,5.73,5.78,5.63,5.65,8783795
QAN,20170908,5.59,5.68,5.575,5.65,5702277
QAN,20170911,5.78,5.79,5.7,5.73,6561670
QAN,20170912,5.71,5.74,5.685,5.7,4644731
QAN,20170913,5.71,5.84,5.68,5.8,7281717
QAN,20170914,5.8,5.9,5.79,5.89,7139508
QAN,20170915,5.89,5.93,5.82,5.82,8055116
QAN,20170918,5.81,5.88,5.745,5.84,5311605
QAN,20170919,5.84,5.89,5.76,5.88,7463341
QAN,20170920,5.87,5.91,5.86,5.89,13049596
QAN,20170921,5.79,5.845,5.74,5.79,12312385
QAN,20170922,5.81,5.82,5.77,5.8,4091844
QAN,20170925,5.83,5.89,5.8,5.8,5959240
QAN,20170926,5.84,5.84,5.77,5.77,9777590
QAN,20170927,5.75,5.78,5.73,5.77,4056129
QAN,20170928,5.85,5.91,5.72,5.72,9056109
QAN,20170929,5.76,5.83,5.75,5.83,14912259
QAN,20171002,5.84,5.935,5.835,5.91,3879070
QAN,20171003,5.9,5.93,5.86,5.91,5952845
QAN,20171004,5.9,6,5.885,5.93,9769245
QAN,20171005,6.01,6.15,6.01,6.12,12041831
QAN,20171006,6.12,6.225,6.06,6.13,6562798
QAN,20171009,6.14,6.2,6.11,6.2,4397851
QAN,20171010,6.19,6.25,6.07,6.18,6070862
QAN,20171011,6.19,6.26,6.165,6.24,4811275
QAN,20171012,6.25,6.32,6.24,6.29,5160393
QAN,20171013,6.27,6.325,6.25,6.31,3582476
QAN,20171016,6.34,6.36,6.23,6.25,3771939
QAN,20171017,6.25,6.43,6.245,6.43,7839022
QAN,20171018,6.46,6.53,6.36,6.39,12740807
QAN,20171019,6.43,6.44,6.335,6.4,6765352
QAN,20171020,6.36,6.41,6.26,6.39,5818312
QAN,20171023,6.39,6.46,6.37,6.43,3951604
QAN,20171024,6.41,6.45,6.32,6.45,3506963
QAN,20171025,6.45,6.46,6.39,6.4,15072762
QAN,20171026,5.95,6.38,5.94,6.31,15618017
QAN,20171027,6.31,6.31,5.885,5.96,12810447
QAN,20171030,6.02,6.115,6.015,6.07,7297006
QAN,20171031,6.07,6.215,6.07,6.15,9592125
QAN,20171101,6.18,6.25,6.16,6.23,9079066
QAN,20171102,6.29,6.33,6.21,6.22,6841040
QAN,20171103,6.24,6.3,6.21,6.21,4694463
QAN,20171106,6.19,6.2,6.05,6.06,5379800
QAN,20171107,6.12,6.15,5.97,5.99,7074588
QAN,20171108,5.93,6.075,5.89,6.03,7909786
QAN,20171109,6.08,6.08,5.97,6.02,16266970
QAN,20171110,5.95,6.01,5.895,5.91,5335165
QAN,20171113,5.97,5.99,5.91,5.93,5906089
QAN,20171114,5.79,5.805,5.74,5.75,19883217
QAN,20171115,5.72,5.99,5.72,5.91,19413261
QAN,20171116,5.98,6.08,5.86,5.89,12947619
QAN,20171117,5.9,5.93,5.815,5.84,7790364
QAN,20171120,5.78,5.79,5.7,5.71,11278359
QAN,20171121,5.72,5.82,5.715,5.77,9772254
QAN,20171122,5.81,5.85,5.7,5.7,8722323
QAN,20171123,5.73,5.75,5.63,5.67,8967426
QAN,20171124,5.62,5.63,5.57,5.57,6811913
QAN,20171127,5.58,5.66,5.57,5.6,8020977
QAN,20171128,5.6,5.68,5.57,5.62,13426554
QAN,20171129,5.67,5.705,5.59,5.65,9079605
QAN,20171130,5.65,5.805,5.6,5.67,80923391
QAN,20171201,5.64,5.815,5.63,5.71,8275726
QAN,20171204,5.69,5.76,5.61,5.62,9069817
QAN,20171205,5.45,5.55,5.42,5.49,16201616
QAN,20171206,5.47,5.51,5.3,5.35,16875416
QAN,20171207,5.3,5.51,5.28,5.34,15585815
QAN,20171208,5.35,5.46,5.28,5.34,12862229
QAN,20171211,5.4,5.46,5.3,5.3,9274413
QAN,20171212,5.31,5.37,5.26,5.28,11880378
QAN,20171213,5.28,5.38,5.18,5.36,15789360
QAN,20171214,5.38,5.38,5.17,5.21,9761281
QAN,20171215,5.23,5.26,5.14,5.18,14622739
QAN,20171218,5.19,5.25,5.14,5.18,10978434
QAN,20171219,5.2,5.22,5.175,5.19,9921795
QAN,20171220,5.22,5.27,5.22,5.27,7506523
QAN,20171221,5.3,5.34,5.21,5.23,10880606
QAN,20171222,5.23,5.27,5.16,5.19,5217599
QAN,20171227,5.16,5.18,5.025,5.06,7758811
QAN,20171228,5.09,5.09,5.015,5.03,4275681
QAN,20171229,5.02,5.075,4.955,5.04,6665505
QAN,20180102,5.06,5.15,5.035,5.05,4903649
QAN,20180103,5.03,5.08,4.98,5,5150707
QAN,20180104,5,5.03,4.86,4.86,9517696
QAN,20180105,4.86,4.895,4.84,4.89,7494807
QAN,20180108,4.92,5.045,4.9,5.04,7197168
QAN,20180109,5.03,5.06,4.86,4.86,11591856
QAN,20180110,4.86,4.92,4.77,4.9,9948038
QAN,20180111,4.88,4.945,4.79,4.89,7505037
QAN,20180112,4.93,5.05,4.915,5.03,12051748
QAN,20180115,5.13,5.21,5.11,5.18,11858138
QAN,20180116,5.17,5.21,5.14,5.19,9965154
QAN,20180117,5.22,5.29,5.11,5.16,11053713
QAN,20180118,5.13,5.15,5.03,5.08,7171412
QAN,20180119,5.1,5.25,5.08,5.23,13982256
QAN,20180122,5.2,5.26,5.14,5.25,7812100
QAN,20180123,5.27,5.32,5.24,5.24,8530157
QAN,20180124,5.22,5.3,5.16,5.28,7391648
QAN,20180125,5.2,5.27,5.12,5.26,6154518
QAN,20180129,5.23,5.3,5.23,5.28,5953176
QAN,20180130,5.24,5.37,5.21,5.27,9184945
QAN,20180131,5.21,5.31,5.19,5.27,6292647
QAN,20180201,5.33,5.37,5.27,5.35,5187733
QAN,20180202,5.32,5.36,5.28,5.33,4038605
QAN,20180205,5.32,5.33,5.255,5.31,7518533
QAN,20180206,5.15,5.23,5.13,5.16,8833908
QAN,20180207,5.25,5.32,5.21,5.22,10336888
QAN,20180208,5.18,5.22,5.08,5.16,8572318
QAN,20180209,5.05,5.125,5.025,5.09,10251747
QAN,20180212,5.08,5.145,5,5.13,6859936
QAN,20180213,5.13,5.2,5.09,5.11,5564952
QAN,20180214,5.1,5.12,5.03,5.03,4905778
QAN,20180215,5.1,5.23,5.06,5.22,6248101
QAN,20180216,5.19,5.24,5.15,5.22,4705347
QAN,20180219,5.25,5.35,5.24,5.32,2882107
QAN,20180220,5.32,5.37,5.26,5.27,24774035
QAN,20180221,5.26,5.36,5.24,5.27,5204132
QAN,20180222,5.48,5.785,5.47,5.58,22045790
QAN,20180223,5.68,5.74,5.62,5.73,10524236
QAN,20180226,5.78,5.82,5.62,5.65,9058522
QAN,20180227,5.73,5.75,5.68,5.7,4851154
QAN,20180228,5.75,5.94,5.72,5.89,10359954
QAN,20180301,5.84,5.87,5.79,5.86,5632856
QAN,20180302,5.81,5.86,5.63,5.67,13041364
QAN,20180305,5.65,5.72,5.58,5.61,4754938
QAN,20180306,5.64,5.94,5.64,5.89,11741071
QAN,20180307,5.83,5.87,5.76,5.86,7789486
QAN,20180308,5.91,5.98,5.835,5.91,6849081
QAN,20180309,5.89,6,5.86,5.97,6576661
QAN,20180312,6,6,5.94,5.98,5821932
QAN,20180313,5.98,6.03,5.92,5.98,7639921
QAN,20180314,5.98,5.99,5.875,5.92,5451142
QAN,20180315,5.98,6.07,5.95,5.99,10408842
QAN,20180316,5.96,6,5.92,5.93,5888327
QAN,20180319,5.98,6.01,5.915,5.98,4179951
QAN,20180320,5.91,6.02,5.88,5.98,3589316
QAN,20180321,5.97,6.035,5.94,6.01,3517360
QAN,20180322,5.98,6.08,5.96,6.08,9382173
QAN,20180323,6,6.015,5.97,6,6979941
QAN,20180326,5.98,6.02,5.945,5.96,11598556
QAN,20180327,5.96,6.01,5.935,5.97,7758483
QAN,20180328,5.89,5.95,5.83,5.84,4842094
QAN,20180329,5.81,5.85,5.77,5.83,9921777
QAN,20180403,5.7,5.88,5.69,5.82,7572923
QAN,20180404,5.84,5.86,5.8,5.84,4816941
QAN,20180405,5.83,5.97,5.83,5.93,4624599
QAN,20180406,5.92,6.06,5.91,6.05,6849397
QAN,20180409,6,6.05,5.97,6.03,3848778
QAN,20180410,6,6.11,5.995,6.09,4344831
QAN,20180411,6.06,6.135,6.035,6.1,7958990
QAN,20180412,6.04,6.11,5.995,6.04,8808166
QAN,20180413,6.01,6.04,5.92,5.95,4225232
QAN,20180416,5.93,5.95,5.8,5.84,3917175
QAN,20180417,5.88,5.975,5.84,5.95,4307932
QAN,20180418,5.93,5.96,5.89,5.92,3358733
QAN,20180419,5.98,5.98,5.87,5.93,9574454
QAN,20180420,5.94,6.05,5.92,6.01,4839290
QAN,20180423,5.98,5.98,5.9,5.9,4798735
QAN,20180424,5.92,5.97,5.84,5.91,7766106
QAN,20180426,5.91,5.93,5.84,5.85,11264859
QAN,20180427,5.81,5.82,5.655,5.69,15883332
QAN,20180430,5.72,5.79,5.69,5.77,6921787
QAN,20180501,5.77,5.85,5.76,5.8,7322460
QAN,20180502,5.97,6.29,5.97,6.27,18244444
QAN,20180503,6.23,6.325,6.14,6.17,15419684
QAN,20180504,6.16,6.35,6.12,6.31,20778182
QAN,20180507,6.39,6.45,6.36,6.43,6416615
QAN,20180508,6.42,6.43,6.24,6.27,8301643
QAN,20180509,6.36,6.37,6.29,6.32,3978309
QAN,20180510,6.26,6.31,6.12,6.17,8980366
QAN,20180511,6.17,6.17,6.1,6.11,8404909
QAN,20180514,6.16,6.28,6.14,6.28,5854250
QAN,20180515,6.25,6.31,6.15,6.29,5673751
QAN,20180516,6.29,6.39,6.29,6.34,4622597
QAN,20180517,6.36,6.42,6.31,6.34,5194474
QAN,20180518,6.35,6.37,6.3,6.33,5872961
QAN,20180521,6.34,6.37,6.3,6.32,3923697
QAN,20180522,6.33,6.39,6.32,6.35,3593047
QAN,20180523,6.37,6.44,6.275,6.28,5933215
QAN,20180524,6.26,6.39,6.25,6.37,4733806
QAN,20180525,6.26,6.385,6.23,6.27,4203265
QAN,20180528,6.32,6.35,6.275,6.3,11041646
QAN,20180529,6.3,6.44,6.29,6.43,4860005
QAN,20180530,6.37,6.49,6.36,6.41,7595855
QAN,20180531,6.41,6.55,6.345,6.35,7523113
QAN,20180601,6.32,6.45,6.27,6.38,4322159
QAN,20180604,6.4,6.43,6.34,6.34,2508103
QAN,20180605,6.4,6.4,6.305,6.32,4680933
QAN,20180606,6.33,6.43,6.31,6.4,5619749
QAN,20180607,6.4,6.53,6.33,6.5,6495903
QAN,20180608,6.46,6.5,6.45,6.48,3024586
QAN,20180612,6.52,6.58,6.46,6.57,10999128
QAN,20180613,6.55,6.57,6.49,6.55,7956447
QAN,20180614,6.54,6.59,6.43,6.45,4855261
QAN,20180615,6.43,6.49,6.35,6.46,10963380
QAN,20180618,6.48,6.51,6.43,6.5,3673041
QAN,20180619,6.46,6.565,6.455,6.48,3853073
QAN,20180620,6.51,6.57,6.5,6.56,4934075
QAN,20180621,6.69,6.73,6.62,6.71,10531478
QAN,20180622,6.7,6.7,6.515,6.55,7259883
QAN,20180625,6.54,6.66,6.51,6.61,4522042
QAN,20180626,6.53,6.54,6.44,6.46,5028829
QAN,20180627,6.36,6.38,6.27,6.33,6986817
QAN,20180628,6.26,6.27,6.16,6.16,6520252
QAN,20180629,6.17,6.2,6.1,6.16,6108500
QAN,20180702,6.17,6.21,6.13,6.16,3742072
QAN,20180703,6.19,6.335,6.18,6.31,6886506
QAN,20180704,6.31,6.32,6.2,6.24,3084585
QAN,20180705,6.29,6.43,6.29,6.37,3992233
QAN,20180706,6.41,6.55,6.39,6.53,6023648
QAN,20180709,6.54,6.585,6.505,6.52,4447878
QAN,20180710,6.58,6.67,6.55,6.63,4231865
QAN,20180711,6.64,6.66,6.54,6.54,4267493
QAN,20180712,6.58,6.64,6.54,6.6,3784460
QAN,20180713,6.58,6.67,6.56,6.63,3743921
QAN,20180716,6.6,6.65,6.535,6.55,2773299
QAN,20180717,6.54,6.59,6.515,6.52,2485462
QAN,20180718,6.53,6.68,6.52,6.64,5912582
QAN,20180719,6.7,6.84,6.695,6.75,5482933
QAN,20180720,6.73,6.85,6.72,6.81,3595916
QAN,20180723,6.79,6.79,6.65,6.71,5101273
QAN,20180724,6.7,6.785,6.67,6.72,3784626
QAN,20180725,6.72,6.745,6.675,6.71,3509781
QAN,20180726,6.72,6.72,6.6,6.67,3977665
QAN,20180727,6.74,6.805,6.72,6.78,5123794
QAN,20180730,6.74,6.8,6.73,6.79,2297017
QAN,20180731,6.78,6.835,6.71,6.72,6603185
QAN,20180801,6.72,6.75,6.61,6.65,3253318
QAN,20180802,6.69,6.7,6.635,6.66,5835806
QAN,20180803,6.67,6.7,6.61,6.64,3678553
QAN,20180806,6.68,6.79,6.67,6.76,3535667
QAN,20180807,6.77,6.785,6.665,6.67,3252316
QAN,20180808,6.63,6.725,6.615,6.72,2470025
QAN,20180809,6.75,6.81,6.73,6.78,3514834
QAN,20180810,6.76,6.78,6.63,6.66,3066227
QAN,20180813,6.64,6.71,6.585,6.61,2382575
QAN,20180814,6.62,6.63,6.57,6.6,3893818
QAN,20180815,6.57,6.63,6.54,6.61,2773579
QAN,20180816,6.63,6.77,6.61,6.74,4614741
QAN,20180817,6.66,6.73,6.6,6.62,2977215
QAN,20180820,6.7,6.8,6.68,6.76,4381417
QAN,20180821,6.78,6.92,6.76,6.83,4382209
QAN,20180822,6.76,6.82,6.63,6.72,2885659
QAN,20180823,6.75,6.79,6.205,6.53,14581684
QAN,20180824,6.53,6.655,6.34,6.35,6882366
QAN,20180827,6.33,6.435,6.24,6.39,6362981
QAN,20180828,6.44,6.615,6.405,6.45,9608272
QAN,20180829,6.48,6.61,6.455,6.57,5396370
QAN,20180830,6.58,6.59,6.42,6.44,5761798
QAN,20180831,6.48,6.49,6.37,6.43,5130445
QAN,20180903,6.45,6.565,6.4,6.42,3122464
QAN,20180904,6.39,6.42,6.3,6.37,4455823
QAN,20180905,6.27,6.32,6.25,6.25,4515564
QAN,20180906,6.2,6.24,6.075,6.15,5182513
QAN,20180907,6.08,6.21,6.025,6.19,5848309
QAN,20180910,6.15,6.25,6.1,6.2,4992369
QAN,20180911,6.2,6.28,6.18,6.23,5652290
QAN,20180912,6.18,6.3,6.14,6.23,5723398
QAN,20180913,6.25,6.3,6.24,6.29,4027416
QAN,20180914,6.26,6.295,6.2,6.27,3238574
QAN,20180917,6.24,6.25,6.19,6.22,3304908
QAN,20180918,6.15,6.17,6.03,6.11,6486776
QAN,20180919,6.09,6.135,6.02,6.04,5207548
QAN,20180920,6.04,6.08,5.96,5.96,8331623
QAN,20180921,5.96,6.06,5.96,6.02,8623380
QAN,20180924,5.96,5.98,5.905,5.95,4494336
QAN,20180925,5.9,5.905,5.81,5.85,7926476
QAN,20180926,5.85,5.85,5.785,5.82,9517350
QAN,20180927,5.88,5.95,5.83,5.9,6569852
QAN,20180928,5.91,5.965,5.85,5.9,5993061
QAN,20181001,5.81,5.855,5.8,5.83,1415503
QAN,20181002,5.81,5.82,5.64,5.64,7042596
QAN,20181003,5.63,5.735,5.62,5.7,7599813
QAN,20181004,5.71,5.71,5.66,5.69,4707647
QAN,20181005,5.71,5.75,5.64,5.66,7000405
QAN,20181008,5.63,5.63,5.52,5.56,4357665
QAN,20181009,5.55,5.58,5.445,5.48,5899267
QAN,20181010,5.45,5.54,5.37,5.53,8640279
QAN,20181011,5.4,5.43,5.285,5.32,8969476
QAN,20181012,5.37,5.555,5.37,5.5,9598862
QAN,20181015,5.41,5.44,5.3,5.34,4281526
QAN,20181016,5.39,5.455,5.35,5.43,5586181
QAN,20181017,5.41,5.47,5.38,5.45,4997448
QAN,20181018,5.5,5.625,5.475,5.58,7118958
QAN,20181019,5.58,5.645,5.54,5.59,6568239
QAN,20181022,5.65,5.73,5.58,5.65,10819419
QAN,20181023,5.72,5.74,5.54,5.55,7605464
QAN,20181024,5.59,5.65,5.53,5.62,6303464
QAN,20181025,5.52,5.7,5.36,5.36,10084639
QAN,20181026,5.37,5.4,5.18,5.23,9721685
QAN,20181029,5.27,5.4,5.23,5.36,4049500
QAN,20181030,5.28,5.36,5.28,5.36,4368082
QAN,20181031,5.38,5.49,5.36,5.47,6153576
QAN,20181101,5.44,5.59,5.41,5.54,5381199
QAN,20181102,5.51,5.69,5.47,5.67,5467632
QAN,20181105,5.57,5.62,5.5,5.58,3989813
QAN,20181106,5.54,5.65,5.54,5.64,3398266
QAN,20181107,5.6,5.68,5.52,5.67,4111088
QAN,20181108,5.73,5.75,5.67,5.71,3484009
QAN,20181109,5.71,5.845,5.685,5.83,5234795
QAN,20181112,5.8,5.96,5.78,5.9,7105597
QAN,20181113,5.81,5.86,5.72,5.75,7279461
QAN,20181114,5.88,5.99,5.73,5.76,8685903
QAN,20181115,5.73,5.83,5.72,5.77,5835370
QAN,20181116,5.73,5.76,5.625,5.69,4150546
QAN,20181119,5.64,5.73,5.57,5.59,5445070
QAN,20181120,5.52,5.54,5.435,5.47,6599038
QAN,20181121,5.43,5.595,5.39,5.58,6079123
QAN,20181122,5.57,5.75,5.57,5.68,4777292
QAN,20181123,5.63,5.76,5.625,5.73,2700747
QAN,20181126,5.76,5.96,5.73,5.89,6202075
QAN,20181127,5.93,5.94,5.79,5.91,5533768
QAN,20181128,5.95,6.13,5.94,6.04,7727487
QAN,20181129,6.05,6.14,5.975,6.06,7025925
QAN,20181130,6.14,6.16,5.865,5.96,8964978
QAN,20181203,6.06,6.14,5.95,5.99,8257536
QAN,20181204,5.98,6.03,5.86,5.94,7326051
QAN,20181205,5.77,5.85,5.7,5.76,8058133
QAN,20181206,5.76,5.78,5.66,5.69,5744112
QAN,20181207,5.7,5.775,5.6,5.72,7640996
QAN,20181210,5.58,5.62,5.48,5.51,8699522
QAN,20181211,5.55,5.58,5.4,5.46,27119513
QAN,20181212,5.53,5.55,5.47,5.48,8662607
QAN,20181213,5.53,5.59,5.495,5.53,5546924
QAN,20181214,5.5,5.52,5.42,5.49,8813331
QAN,20181217,5.53,5.54,5.45,5.5,5398551
QAN,20181218,5.52,5.59,5.47,5.52,6527317
QAN,20181219,5.59,5.83,5.585,5.8,11319002
QAN,20181220,5.75,5.83,5.74,5.76,7670904
QAN,20181221,5.78,5.83,5.605,5.64,6464301
QAN,20181224,5.54,5.66,5.53,5.65,830279
QAN,20181227,5.72,5.77,5.655,5.76,3047859
QAN,20181228,5.8,5.82,5.71,5.82,2243092
QAN,20181231,5.84,5.85,5.75,5.79,1608641
QAN,20190102,5.84,5.905,5.75,5.76,3439023
QAN,20190103,5.75,5.84,5.7,5.74,3122836
QAN,20190104,5.65,5.72,5.54,5.69,4405253
QAN,20190107,5.67,5.83,5.66,5.79,2960672
QAN,20190108,5.82,5.91,5.78,5.9,4807112
QAN,20190109,5.94,6.13,5.9,6.11,8926783
QAN,20190110,6.06,6.085,5.99,6.07,10143903
QAN,20190111,6.02,6.05,5.89,5.91,5764791
QAN,20190114,5.9,5.98,5.865,5.92,3313493
QAN,20190115,5.9,5.97,5.9,5.96,4028139
QAN,20190116,5.91,6.01,5.86,6,4934951
QAN,20190117,6.05,6.08,5.99,6.05,2999024
QAN,20190118,6.05,6.155,6.05,6.15,3494462
QAN,20190121,6.15,6.18,6.07,6.08,3114122
QAN,20190122,6.08,6.17,6.07,6.12,2498670
QAN,20190123,6.15,6.23,6.1,6.12,4950215
QAN,20190124,6.1,6.12,5.98,6.12,4601396
QAN,20190125,6.11,6.12,5.96,5.99,5710876
QAN,20190129,5.95,5.95,5.86,5.89,4647293
QAN,20190130,5.6,5.63,5.55,5.59,15180415
QAN,20190131,5.5,5.55,5.425,5.44,24868590
